"LICH_SPPCD","YEARSTART","YEAREND","SPP_ACRONYM","GENUS","SPECIES","CN","CREATED_BY","CREATED_DATE","CREATED_IN_INSTANCE","MODIFIED_BY","MODIFIED_DATE","MODIFIED_IN_INSTANCE"
5502,1993,,"Pelbri","Peltigera","britannica","688983000333","",2004-03-22,"999","",2005-06-07,"333"
5503,1993,,"Pelcol","Peltigera","collina","688985000333","",2004-03-22,"999","",2005-06-07,"333"
5504,1993,,"Peleva","Peltigera","evansiana","688988000333","",2004-03-22,"999","",2005-06-07,"333"
5505,1993,,"Pelleu","Peltigera","leucophlebia","688990000333","",2004-03-22,"999","",2005-06-07,"333"
5506,1993,,"Pelmal","Peltigera","malacea","688991000333","",2004-03-22,"999","",2005-06-07,"333"
5507,1993,,"Pelmem","Peltigera","membranacea","688992000333","",2004-03-22,"999","",2005-06-07,"333"
5508,1993,,"Pelnec","Peltigera","neckeri","688993000333","",2004-03-22,"999","",2005-06-07,"333"
5509,1993,,"Pelneo","Peltigera","neopolydactyla","688994000333","",2004-03-22,"999","",2005-06-07,"333"
5510,1993,,"Pelpac","Peltigera","pacifica","688995000333","",2004-03-22,"999","",2005-06-07,"333"
5511,1993,,"Pelpol","Peltigera","polydactyla","688996000333","",2004-03-22,"999","",2005-06-07,"333"
5512,1994,,"Pelpra","Peltigera","praetextata","688997000333","",2004-03-22,"999","",2005-06-07,"333"
5513,1994,,"Pelcan","Peltigera","canina","688984000333","",2004-03-22,"999","",2005-06-07,"333"
5514,1999,,"Peldeg","Peltigera","degenii","688986000333","",2004-03-22,"999","",2005-06-07,"333"
5515,1999,,"Pelhor","Peltigera","horizontalis","688989000333","",2004-03-22,"999","",2005-06-07,"333"
5516,2000,,"Peleli","Peltigera","elisabethae","688987000333","",2004-03-22,"999","",2005-06-07,"333"
5517,2004,,"Pelsca","Peltigera","scabrosa","688998000333","",2005-06-07,"333","",,""
5518,2006,,"Peldid","Peltigera","didactyla","690014000333","",2007-05-10,"333","",,""
5600,1993,,"Pha","Phaeophyscia","","689019000333","",2004-03-22,"999","",2005-06-07,"333"
5601,1993,,"Phaadi","Phaeophyscia","adiastola","689000000333","",2004-03-22,"999","",2005-06-07,"333"
5602,1993,,"Phacer","Phaeophyscia","cernohorskyi","689001000333","",2004-03-22,"999","",,""
5603,1993,,"Phacil","Phaeophyscia","ciliata","689002000333","",2004-03-22,"999","",2005-06-07,"333"
5604,1993,,"Phaery","Phaeophyscia","erythrocardia","689007000333","",2004-03-22,"999","",2005-06-07,"333"
5605,1993,,"Phahir","Phaeophyscia","hirsuta","689008000333","",2004-03-22,"999","",,""
5606,1993,,"Phahrt","Phaeophyscia","hirtella","689009000333","",2004-03-22,"999","",2005-06-07,"333"
5607,1993,,"Phahis","Phaeophyscia","hispidula","689010000333","",2004-03-22,"999","",2005-06-07,"333"
5608,1993,,"Phaimb","Phaeophyscia","imbricata","689011000333","",2004-03-22,"999","",2005-06-07,"333"
5609,1993,,"Phains","Phaeophyscia","insignis","689012000333","",2004-03-22,"999","",2005-06-07,"333"
5610,1993,,"Phalea","Phaeophyscia","leana","689014000333","",2004-03-22,"999","",2005-06-07,"333"
5611,1993,,"Phanig","Phaeophyscia","nigricans","689015000333","",2004-03-22,"999","",2005-06-07,"333"
5612,1993,,"Phaorb","Phaeophyscia","orbicularis","689016000333","",2004-03-22,"999","",2005-06-07,"333"
5613,1993,,"Phapus","Phaeophyscia","pusilloides","689017000333","",2004-03-22,"999","",2005-06-07,"333"
5614,1993,,"Pharub","Phaeophyscia","rubropulchra","689018000333","",2004-03-22,"999","",2005-06-07,"333"
5615,1994,,"Phadec","Phaeophyscia","decolor","689003000333","",2004-03-22,"999","",2005-06-07,"333"
5616,1997,2005,"Phaend","Phaeophyscia","endococcinea","689005000333","",2004-03-22,"999","",2005-06-07,"333"
5616,2005,,"Phaend","Phaeophyscia","endococcina","689004000333","",2006-03-31,"333","",,""
5617,2005,,"Phakai","Phaeophyscia","kairamoi","689013000333","",2006-03-31,"333","",,""
5618,2005,,"Phaedd","Phaeophyscia","endococcinodes","689006000333","",2006-03-31,"333","",,""
5619,2006,,"Phasci","Phaeophyscia","sciastra","690015000333","",2007-05-10,"333","",,""
5700,1993,,"Phy","Physcia","","689048000333","",2004-03-22,"999","",2005-06-07,"333"
5701,1993,,"Phyads","Physcia","adscendens","689020000333","",2004-03-22,"999","",2005-06-07,"333"
5702,1993,,"Phyaip","Physcia","aipolia","689021000333","",2004-03-22,"999","",,""
5703,1993,,"Phyalb","Physcia","alba","689022000333","",2004-03-22,"999","",2005-06-07,"333"
5704,1993,,"Phyame","Physcia","americana","689023000333","",2004-03-22,"999","",2005-06-07,"333"
5705,1993,,"Phybiz","Physcia","biziana","689024000333","",2004-03-22,"999","",,""
5706,1993,,"Phycae","Physcia","caesia","689025000333","",2004-03-22,"999","",2005-06-07,"333"
5707,1993,,"Phycal","Physcia","callosa","689026000333","",2004-03-22,"999","",2005-06-07,"333"
5708,1993,,"Phycle","Physcia","clementei","689027000333","",2004-03-22,"999","",2005-06-07,"333"
5709,1993,,"Phycri","Physcia","crispa","689028000333","",2004-03-22,"999","",2005-06-07,"333"
5710,1993,,"Phydim","Physcia","dimidiata","689029000333","",2004-03-22,"999","",2005-06-07,"333"
5711,1993,,"Phydub","Physcia","dubia","689030000333","",2004-03-22,"999","",,""
5712,1993,,"Phydup","Physcia","duplicorticata","689031000333","",2004-03-22,"999","",2005-06-07,"333"
5713,1993,,"Phyfra","Physcia","fragilescens","689032000333","",2004-03-22,"999","",2005-06-07,"333"
5714,1993,,"Phyint","Physcia","integra","689033000333","",2004-03-22,"999","",2005-06-07,"333"
5715,1993,,"Phymex","Physcia","mexicana","689035000333","",2004-03-22,"999","",2005-06-07,"333"
5716,1993,,"Phymil","Physcia","millegrana","689036000333","",2004-03-22,"999","",2005-06-07,"333"
5717,1993,,"Phymon","Physcia","montana","689037000333","",2004-03-22,"999","",2005-06-07,"333"
5718,1993,,"Phyneo","Physcia","neogaea","689038000333","",2004-03-22,"999","",2005-06-07,"333"
5719,1993,,"Phypse","Physcia","pseudospeciosa","689040000333","",2004-03-22,"999","",2005-06-07,"333"
5720,1993,,"Phypum","Physcia","pumilior","689041000333","",2004-03-22,"999","",2005-06-07,"333"
5721,1993,2003,"Physem","Physcia","semipinnata","689042000333","",2004-03-22,"999","",2005-06-07,"333"
5721,2003,,"Physem","Physcia","leptalea","689034000333","",2004-04-20,"999","",,""
5722,1993,,"Physor","Physcia","sorediosa","689043000333","",2004-03-22,"999","",2005-06-07,"333"
5723,1993,,"Physte","Physcia","stellaris","689044000333","",2004-03-22,"999","",,""
5724,1993,,"Phyten","Physcia","tenella","689045000333","",2004-03-22,"999","",2005-06-07,"333"
5725,1993,,"Phytri","Physcia","tribacia","689046000333","",2004-03-22,"999","",2005-06-07,"333"
5726,2002,,"Phypon","Physcia","poncinsii","689039000333","",2004-03-22,"999","",2005-06-07,"333"
5727,2003,,"Phyund","Physcia","undulata","689047000333","",2004-04-20,"999","",,""
5800,1993,,"Pcl","Physciella","","689053000333","",2004-03-22,"999","",2005-06-07,"333"
5801,1993,,"Pclchl","Physciella","chloantha","689049000333","",2004-03-22,"999","",2005-06-07,"333"
5802,1993,,"Pclmel","Physciella","melanchra","689051000333","",2004-03-22,"999","",2005-06-07,"333"
5803,1993,,"Pclnep","Physciella","nepalensis","689052000333","",2004-03-22,"999","",2005-06-07,"333"
5804,2000,,"Pclden","Physciella","denigrata","689050000333","",2004-03-22,"999","",2005-06-07,"333"
5900,1993,,"Pho","Physconia","","689072000333","",2004-03-22,"999","",2005-06-07,"333"
5901,1993,,"Phodet","Physconia","detersa","689056000333","",2004-03-22,"999","",,""
5902,1993,,"Phodis","Physconia","distorta","689057000333","",2004-03-22,"999","",2005-06-07,"333"
5903,1993,,"Phoent","Physconia","enteroxantha","689059000333","",2004-03-22,"999","",2005-06-07,"333"
5904,1993,,"Phogri","Physconia","grisea","689061000333","",2004-03-22,"999","",2005-06-07,"333"
5905,1993,,"Phokur","Physconia","kurokawae","689065000333","",2004-03-22,"999","",2005-06-07,"333"
5906,1998,,"Phoper","Physconia","perisidiosa","689068000333","",2004-03-22,"999","",,""
5907,1998,,"Phoisi","Physconia","isidiigera","689063000333","",2004-03-22,"999","",,""
5908,1994,,"Phopul","Physconia","pulverulenta","689069000333","",2004-03-22,"999","",2005-06-07,"333"
5909,1994,,"Phoele","Physconia","elegantula","689058000333","",2004-03-22,"999","",2005-06-07,"333"
5910,1994,,"Phoame","Physconia","americana","689054000333","",2004-03-22,"999","",2005-06-07,"333"
5911,1997,,"Pholeu","Physconia","leucoleiptes","689066000333","",2004-03-22,"999","",,""
5913,1997,,"Phomus","Physconia","muscigena","689067000333","",2004-03-22,"999","",2005-06-07,"333"
5914,1999,,"Phosub","Physconia","subpallida","689070000333","",2004-03-22,"999","",2005-06-07,"333"
5915,2000,,"Photho","Physconia","thomsonii","689071000333","",2004-03-22,"999","",2005-06-07,"333"
5916,2000,,"Phocal","Physconia","californica","689055000333","",2004-03-22,"999","",2005-06-07,"333"
5917,2000,,"Phofal","Physconia","fallax","689060000333","",2004-03-22,"999","",2005-06-07,"333"
5918,2000,,"Phogru","Physconia","grumosa","689062000333","",2004-03-22,"999","",2005-06-07,"333"
5919,2000,,"Phoism","Physconia","isidiomuscigena","689064000333","",2004-03-22,"999","",2005-06-07,"333"
6000,1993,,"Phm","Physma","","689074000333","",2004-03-22,"999","",2005-06-07,"333"
6001,1993,,"Phmbyr","Physma","byrsinum","689073000333","",2004-03-22,"999","",2005-06-07,"333"
6100,1993,,"Pla","Platismatia","","689081000333","",2004-03-22,"999","",2005-06-07,"333"
6101,1993,,"Plagla","Platismatia","glauca","689075000333","",2004-03-22,"999","",2005-06-07,"333"
6102,1993,,"Plaher","Platismatia","herrei","689076000333","",2004-03-22,"999","",2005-06-07,"333"
6103,1993,,"Plalac","Platismatia","lacunosa","689077000333","",2004-03-22,"999","",2005-06-07,"333"
6104,1993,,"Planor","Platismatia","norvegica","689078000333","",2004-03-22,"999","",2005-06-07,"333"
6105,1993,,"Plaste","Platismatia","stenophylla","689079000333","",2004-03-22,"999","",2005-06-07,"333"
6106,1993,,"Platuc","Platismatia","tuckermanii","689080000333","",2004-03-22,"999","",2005-06-07,"333"
6200,1993,,"Pol","Polychidium","","689085000333","",2004-03-22,"999","",2005-06-07,"333"
6201,1993,,"Polden","Polychidium","dendriscum","689083000333","",2004-03-22,"999","",2005-06-07,"333"
6202,1994,,"Polmus","Polychidium","muscicola","689084000333","",2004-03-22,"999","",2005-06-07,"333"
6203,1999,,"Polcon","Polychidium","contortum","689082000333","",2004-03-22,"999","",2005-06-07,"333"
6250,2000,,"Pro","Protopannaria","","689087000333","",2004-03-22,"999","",2005-06-07,"333"
6300,1993,,"Pev","Pseudevernia","","689091000333","",2004-03-22,"999","",2005-06-07,"333"
6301,1993,,"Pevcla","Pseudevernia","cladonia","689088000333","",2004-03-22,"999","",2005-06-07,"333"
6302,1993,,"Pevcon","Pseudevernia","consocians","689089000333","",2004-03-22,"999","",2005-06-07,"333"
6303,1993,,"Pevint","Pseudevernia","intensa","689090000333","",2004-03-22,"999","",2005-06-07,"333"
6400,1993,,"Pcy","Pseudocyphellaria","","689100000333","",2004-03-22,"999","",2005-06-07,"333"
6401,1993,,"Pcyano","Pseudocyphellaria","anomala","689092000333","",2004-03-22,"999","",2005-06-07,"333"
6402,1993,,"Pcyant","Pseudocyphellaria","anthraspis","689093000333","",2004-03-22,"999","",2005-06-07,"333"
6403,1993,,"Pcyaur","Pseudocyphellaria","aurata","689094000333","",2004-03-22,"999","",2005-06-07,"333"
6404,1993,,"Pcycro","Pseudocyphellaria","crocata","689095000333","",2004-03-22,"999","",,""
6405,1993,,"Pcymou","Pseudocyphellaria","mougeotiana","689097000333","",2004-03-22,"999","",2005-06-07,"333"
6406,1993,,"Pcyrai","Pseudocyphellaria","rainierensis","689099000333","",2004-03-22,"999","",2005-06-07,"333"
6407,2000,,"Pcymal","Pseudocyphellaria","mallota","689096000333","",2004-03-22,"999","",2005-06-07,"333"
6408,2004,,"Pcyper","Pseudocyphellaria","perpetua","689098000333","",2005-06-07,"333","",,""
6500,1993,,"Ppa","Pseudoparmelia","","689102000333","",2004-03-22,"999","",2005-06-07,"333"
6501,1993,2006,"Ppasph","Pseudoparmelia","sphaerospora","689101000333","",2004-03-22,"999","",2007-05-10,"333"
6501,2006,,"Ppasph","Pseudoparmelia","uleana","690001000333","",2007-05-10,"333","",,""
6600,1993,,"Pso","Psoroma","","690017000333","",2007-05-10,"333","",2007-05-16,"333"
6601,1993,,"Psohyp","Psoroma","hypnorum","690016000333","",2007-05-10,"333","",2007-05-16,"333"
6700,1993,,"Pun","Punctelia","","689115000333","",2004-03-22,"999","",2005-06-07,"333"
6701,1993,,"Punapp","Punctelia","appalachensis","689103000333","",2004-03-22,"999","",2005-06-07,"333"
6702,1993,,"Punbol","Punctelia","bolliana","689104000333","",2004-03-22,"999","",2005-06-07,"333"
6703,1993,,"Punbor","Punctelia","borreri","689105000333","",2004-03-22,"999","",2005-06-07,"333"
6704,1993,,"Punhyp","Punctelia","hypoleucites","689106000333","",2004-03-22,"999","",2005-06-07,"333"
6705,1993,,"Punmis","Punctelia","missouriensis","689107000333","",2004-03-22,"999","",2005-06-07,"333"
6706,1993,,"Punper","Punctelia","perreticulata","689108000333","",2004-03-22,"999","",2005-06-07,"333"
6707,1993,,"Punred","Punctelia","reddenda","689110000333","",2004-03-22,"999","",2005-06-07,"333"
6708,1993,,"Punrud","Punctelia","rudecta","689111000333","",2004-03-22,"999","",2005-06-07,"333"
6709,1993,,"Punsem","Punctelia","semansiana","689112000333","",2004-03-22,"999","",2005-06-07,"333"
6710,1993,,"Punspr","Punctelia","subpraesignis","689113000333","",2004-03-22,"999","",2005-06-07,"333"
6711,1993,,"Punsub","Punctelia","subrudecta","689114000333","",2004-03-22,"999","",2005-06-07,"333"
6712,2000,,"Punpun","Punctelia","punctilla","689109000333","",2004-03-22,"999","",2005-06-07,"333"
6800,1993,,"Pyx","Pyxine","","689125000333","",2004-03-22,"999","",2005-06-07,"333"
6801,1993,,"Pyxalb","Pyxine","albovirens","689116000333","",2004-03-22,"999","",2005-06-07,"333"
6802,1993,,"Pyxber","Pyxine","berteriana","689117000333","",2004-03-22,"999","",2005-06-07,"333"
6803,1993,,"Pyxcae","Pyxine","caesiopruinosa","689118000333","",2004-03-22,"999","",2005-06-07,"333"
6804,1993,,"Pyxcoc","Pyxine","cocoes","689119000333","",2004-03-22,"999","",2005-06-07,"333"
6805,1993,,"Pyxcor","Pyxine","coralligera","689120000333","",2004-03-22,"999","",2005-06-07,"333"
6806,1993,,"Pyxesc","Pyxine","eschweileri","689121000333","",2004-03-22,"999","",2005-06-07,"333"
6807,1993,,"Pyxpet","Pyxine","petricola","689122000333","",2004-03-22,"999","",2005-06-07,"333"
6808,1993,,"Pyxsor","Pyxine","sorediata","689123000333","",2004-03-22,"999","",2005-06-07,"333"
6809,1993,,"Pyxsub","Pyxine","subcinerea","689124000333","",2004-03-22,"999","",2005-06-07,"333"
6900,1993,,"Ram","Ramalina","","689166000333","",2004-03-22,"999","",2005-06-07,"333"
6901,1993,,"Ramame","Ramalina","americana","689126000333","",2004-03-22,"999","",,""
6902,1993,,"Rambis","Ramalina","bistorta","689127000333","",2004-03-22,"999","",2005-06-07,"333"
6903,1993,,"Ramcal","Ramalina","calicaris","689128000333","",2004-03-22,"999","",2005-06-07,"333"
6904,1993,,"Ramcel","Ramalina","celastri","689129000333","",2004-03-22,"999","",2005-06-07,"333"
6905,1993,,"Ramcoc","Ramalina","cochlearis","689130000333","",2004-03-22,"999","",2005-06-07,"333"
6906,1993,,"Ramcom","Ramalina","complanata","689131000333","",2004-03-22,"999","",2005-06-07,"333"
6907,1993,,"Ramdas","Ramalina","dasypoga","689132000333","",2004-03-22,"999","",2005-06-07,"333"
6908,1993,,"Ramdsc","Ramalina","dendriscoides","689133000333","",2004-03-22,"999","",2005-06-07,"333"
6909,1993,,"Ramden","Ramalina","denticulata","689134000333","",2004-03-22,"999","",2005-06-07,"333"
6910,1993,,"Ramdil","Ramalina","dilacerata","689135000333","",2004-03-22,"999","",2005-06-07,"333"
6911,1993,,"Rameve","Ramalina","evernioides","689136000333","",2004-03-22,"999","",2005-06-07,"333"
6912,1993,,"Ramfar","Ramalina","farinacea","689137000333","",2004-03-22,"999","",,""
6913,1993,,"Ramfas","Ramalina","fastigiata","689138000333","",2004-03-22,"999","",2005-06-07,"333"
6914,1993,,"Ramfra","Ramalina","fraxinea","689139000333","",2004-03-22,"999","",2005-06-07,"333"
6915,1993,,"Ramgen","Ramalina","geniculata","689140000333","",2004-03-22,"999","",2005-06-07,"333"
6916,1993,,"Ramhyp","Ramalina","hypoprotocetrarica","689141000333","",2004-03-22,"999","",2005-06-07,"333"
6917,1993,,"Raminf","Ramalina","inflata","689142000333","",2004-03-22,"999","",2005-06-07,"333"
6918,1993,,"Ramint","Ramalina","intermedia","689143000333","",2004-03-22,"999","",2005-06-07,"333"
6919,1993,,"Ramlac","Ramalina","lacera","689144000333","",2004-03-22,"999","",2005-06-07,"333"
6920,1993,,"Ramlep","Ramalina","leptocarpha","689145000333","",2004-03-22,"999","",2005-06-07,"333"
6921,1993,,"Ramlin","Ramalina","linearis","689146000333","",2004-03-22,"999","",2005-06-07,"333"
6922,1993,,"Rammen","Ramalina","menziesii","689147000333","",2004-03-22,"999","",2005-06-07,"333"
6923,1993,,"Rammon","Ramalina","montagnei","689148000333","",2004-03-22,"999","",2005-06-07,"333"
6924,1993,,"Ramobt","Ramalina","obtusata","689149000333","",2004-03-22,"999","",2005-06-07,"333"
6925,1993,,"Rampal","Ramalina","paludosa","689150000333","",2004-03-22,"999","",2005-06-07,"333"
6926,1993,,"Ramper","Ramalina","peruviana","689151000333","",2004-03-22,"999","",2005-06-07,"333"
6927,1993,,"Rampol","Ramalina","pollinaria","689152000333","",2004-03-22,"999","",2005-06-07,"333"
6928,1993,,"Ramrig","Ramalina","rigida","689153000333","",2004-03-22,"999","",2005-06-07,"333"
6929,1993,,"Ramroe","Ramalina","roesleri","689154000333","",2004-03-22,"999","",2005-06-07,"333"
6930,1993,,"Ramsin","Ramalina","sinensis","689155000333","",2004-03-22,"999","",2005-06-07,"333"
6931,1993,,"Ramsor","Ramalina","sorediantha","689156000333","",2004-03-22,"999","",2005-06-07,"333"
6932,1993,,"Ramste","Ramalina","stenospora","689157000333","",2004-03-22,"999","",2005-06-07,"333"
6933,1993,,"Ramsub","Ramalina","subamplicata","689158000333","",2004-03-22,"999","",2005-06-07,"333"
6934,1993,,"Ramsle","Ramalina","subleptocarpha","689159000333","",2004-03-22,"999","",,""
6935,1993,,"Ramspe","Ramalina","subpellucida","689160000333","",2004-03-22,"999","",2005-06-07,"333"
6936,1993,,"Ramten","Ramalina","tenuis","689161000333","",2004-03-22,"999","",2005-06-07,"333"
6937,1993,,"Ramthr","Ramalina","thrausta","689162000333","",2004-03-22,"999","",2005-06-07,"333"
6938,1993,,"Ramuni","Ramalina","unifolia","689163000333","",2004-03-22,"999","",2005-06-07,"333"
6939,1993,,"Ramusn","Ramalina","usnea","689164000333","",2004-03-22,"999","",2005-06-07,"333"
6940,1993,,"Ramwil","Ramalina","willeyi","689165000333","",2004-03-22,"999","",2005-06-07,"333"
7000,1993,,"Rel","Relicina","","689169000333","",2004-03-22,"999","",2005-06-07,"333"
7001,1993,,"Relabs","Relicina","abstrusa","689167000333","",2004-03-22,"999","",2005-06-07,"333"
7002,1993,,"Relexi","Relicina","eximbricata","689168000333","",2004-03-22,"999","",2005-06-07,"333"
7100,1993,,"Rim","Rimelia","","689179000333","",2004-03-22,"999","",2005-06-07,"333"
7101,1993,,"Rimcet","Rimelia","cetrata","689173000333","",2004-03-22,"999","",2005-06-07,"333"
7102,1993,,"Rimcom","Rimelia","commensurata","689174000333","",2004-03-22,"999","",2005-06-07,"333"
7103,1993,,"Rimdif","Rimelia","diffractaica","689175000333","",2004-03-22,"999","",2005-06-07,"333"
7104,1993,,"Rimret","Rimelia","reticulata","689176000333","",2004-03-22,"999","",2005-06-07,"333"
7105,1993,,"Rimsim","Rimelia","simulans","689177000333","",2004-03-22,"999","",2005-06-07,"333"
7106,1993,,"Rimsub","Rimelia","subisidiosa","689178000333","",2004-03-22,"999","",2005-06-07,"333"
7200,1993,,"Roc","Roccella","","689186000333","",2004-03-22,"999","",2005-06-07,"333"
7201,1993,,"Rocbab","Roccella","babingtonii","689180000333","",2004-03-22,"999","",2005-06-07,"333"
7202,1993,,"Rocdec","Roccella","decipiens","689181000333","",2004-03-22,"999","",2005-06-07,"333"
7203,1993,,"Rocdif","Roccella","difficilis","689182000333","",2004-03-22,"999","",2005-06-07,"333"
7204,1993,,"Rocmon","Roccella","montagnei","689183000333","",2004-03-22,"999","",2005-06-07,"333"
7205,1993,,"Rocper","Roccella","peruensis","689184000333","",2004-03-22,"999","",2005-06-07,"333"
7206,1993,,"Rocphy","Roccella","phycopsis","689185000333","",2004-03-22,"999","",2005-06-07,"333"
7400,1993,,"Sph","Sphaerophorus","","689190000333","",2004-03-22,"999","",2005-06-07,"333"
7401,1993,,"Sphfra","Sphaerophorus","fragilis","689187000333","",2004-03-22,"999","",2005-06-07,"333"
7402,1993,,"Sphglo","Sphaerophorus","globosus","689188000333","",2004-03-22,"999","",2005-06-07,"333"
7403,2006,,"Sphmel","Bunodophoron","melanocarpum","690002000333","",2007-05-10,"333","",,""
7403,1993,2006,"Sphmel","Sphaerophorus","melanocarpus","689189000333","",2004-03-22,"999","",2007-05-10,"333"
7450,2007,,"Ste","Stereocaulon","","819506000333","",2008-04-11,"333","",,""
7500,1993,,"Sti","Sticta","","689199000333","",2004-03-22,"999","",2005-06-07,"333"
7501,1993,,"Stibea","Sticta","beauvoisii","689191000333","",2004-03-22,"999","",,""
7502,1993,,"Stiful","Sticta","fuliginosa","689194000333","",2004-03-22,"999","",2005-06-07,"333"
7503,1993,,"Stilim","Sticta","limbata","689195000333","",2004-03-22,"999","",2005-06-07,"333"
7504,1993,,"Stisyl","Sticta","sylvatica","689196000333","",2004-03-22,"999","",2005-06-07,"333"
7505,1993,,"Stiwei","Sticta","weigelii","689197000333","",2004-03-22,"999","",,""
7506,1993,,"Stiwri","Sticta","wrightii","689198000333","",2004-03-22,"999","",2005-06-07,"333"
7507,2004,,"Sticar","Sticta","carolinensis","689192000333","",2005-06-07,"333","",,""
7508,2004,,"Stifra","Sticta","fragilinata","689193000333","",2005-06-07,"333","",,""
7600,1993,,"Sul","Sulcaria","","689202000333","",2004-03-22,"999","",2005-06-07,"333"
7601,1993,,"Sulbad","Sulcaria","badia","689200000333","",2004-03-22,"999","",2005-06-07,"333"
7602,1993,,"Sulisi","Sulcaria","isidiifera","689201000333","",2004-03-22,"999","",2005-06-07,"333"
7700,1993,,"Tel","Teloschistes","","689208000333","",2004-03-22,"999","",2005-06-07,"333"
7701,1993,,"Telchr","Teloschistes","chrysophthalmus","689204000333","",2004-03-22,"999","",2005-06-07,"333"
7702,1993,,"Telexi","Teloschistes","exilis","689205000333","",2004-03-22,"999","",2005-06-07,"333"
7703,1993,,"Telfla","Teloschistes","flavicans","689206000333","",2004-03-22,"999","",2005-06-07,"333"
7704,1993,,"Telvil","Teloschistes","villosus","689207000333","",2004-03-22,"999","",2005-06-07,"333"
7705,2000,,"Telcal","Teloschistes","californicus","689203000333","",2004-03-22,"999","",2005-06-07,"333"
7800,1993,,"Tho","Tholurna","","689210000333","",2004-03-22,"999","",2005-06-07,"333"
7801,1993,,"Thodis","Tholurna","dissimilis","689209000333","",2004-03-22,"999","",2005-06-07,"333"
7900,1993,,"Tri","Trichoramalina","","689212000333","",2004-03-22,"999","",2005-06-07,"333"
7901,1993,,"Tricri","Trichoramalina","crinita","689211000333","",2004-03-22,"999","",2005-06-07,"333"
7920,2003,,"Tuc","Tuckermanella","","689216000333","",2004-04-20,"999","",,""
7921,2003,,"Tucari","Tuckermanella","arizonica","689213000333","",2004-04-20,"999","",,""
7922,2003,,"Tucpse","Tuckermanella","pseudoweberi","689215000333","",2004-04-20,"999","",,""
7950,1995,,"Umb","Umbilicaria","","689218000333","",2004-03-22,"999","",2005-06-07,"333"
7951,1995,,"Umbmam","Umbilicaria","mammulata","689217000333","",2004-03-22,"999","",2005-06-07,"333"
8000,1993,,"Usn","Usnea","","689314000333","",2004-03-22,"999","",,""
8001,1993,,"Usnaci","Usnea","aciculifera","689220000333","",2004-03-22,"999","",2005-06-07,"333"
8002,1993,,"Usnacu","Usnea","aculeata","689221000333","",2004-03-22,"999","",2005-06-07,"333"
8003,1993,,"Usnaff","Usnea","affinis","689222000333","",2004-03-22,"999","",2005-06-07,"333"
8004,1993,,"Usnalp","Usnea","alpina","689223000333","",2004-03-22,"999","",2005-06-07,"333"
8005,1993,,"Usnama","Usnea","amabilis","689224000333","",2004-03-22,"999","",2005-06-07,"333"
8006,1993,,"Usnang","Usnea","angulata","689225000333","",2004-03-22,"999","",2005-06-07,"333"
8007,1993,,"Usnari","Usnea","arizonica","689226000333","",2004-03-22,"999","",2005-06-07,"333"
8008,1993,,"Usnaus","Usnea","australis","689227000333","",2004-03-22,"999","",2005-06-07,"333"
8009,1993,,"Usnbai","Usnea","baileyi","689228000333","",2004-03-22,"999","",2005-06-07,"333"
8010,1993,,"Usncal","Usnea","californica","689229000333","",2004-03-22,"999","",2005-06-07,"333"
8011,1993,,"Usncap","Usnea","capillaris","689230000333","",2004-03-22,"999","",2005-06-07,"333"
8012,1993,,"Usncat","Usnea","catenulata","689231000333","",2004-03-22,"999","",2005-06-07,"333"
8013,1993,,"Usncav","Usnea","cavernosa","689232000333","",2004-03-22,"999","",2005-06-07,"333"
8014,1993,,"Usncer","Usnea","ceratina","689233000333","",2004-03-22,"999","",,""
8015,1993,,"Usncil","Usnea","ciliifera","689235000333","",2004-03-22,"999","",2005-06-07,"333"
8016,1993,,"Usncir","Usnea","cirrosa","689236000333","",2004-03-22,"999","",2005-06-07,"333"
8017,1993,,"Usncon","Usnea","condensata","689237000333","",2004-03-22,"999","",2005-06-07,"333"
8018,1993,,"Usncnf","Usnea","confusa","689238000333","",2004-03-22,"999","",2005-06-07,"333"
8019,1993,,"Usncor","Usnea","cornuta","689239000333","",2004-03-22,"999","",2005-06-07,"333"
8020,1993,,"Usncad","Usnea","dasaea","689240000333","",2004-03-22,"999","",2005-06-07,"333"
8021,1993,,"Usndef","Usnea","deformis","689241000333","",2004-03-22,"999","",2005-06-07,"333"
8022,1993,,"Usndim","Usnea","dimorpha","689242000333","",2004-03-22,"999","",2005-06-07,"333"
8023,1993,,"Usndip","Usnea","diplotypus","689243000333","",2004-03-22,"999","",,""
8024,1993,,"Usndur","Usnea","duriuscula","689244000333","",2004-03-22,"999","",2005-06-07,"333"
8025,1993,,"Usnend","Usnea","endochrysea","689245000333","",2004-03-22,"999","",2005-06-07,"333"
8026,1993,,"Usneri","Usnea","erinacea","689246000333","",2004-03-22,"999","",2005-06-07,"333"
8027,1993,,"Usneva","Usnea","evansii","689248000333","",2004-03-22,"999","",2005-06-07,"333"
8028,1993,,"Usnfib","Usnea","fibrillosa","689249000333","",2004-03-22,"999","",2005-06-07,"333"
8029,1993,,"Usnfil","Usnea","filipendula","689250000333","",2004-03-22,"999","",,""
8030,1993,,"Usnfin","Usnea","finkii","689251000333","",2004-03-22,"999","",2005-06-07,"333"
8031,1993,,"Usnflo","Usnea","florida","689252000333","",2004-03-22,"999","",2005-06-07,"333"
8032,1993,,"Usnfra","Usnea","fragilescens","689253000333","",2004-03-22,"999","",,""
8033,1993,,"Usnfre","Usnea","freyi","689255000333","",2004-03-22,"999","",2005-06-07,"333"
8034,1993,,"Usnful","Usnea","fulvoreagens","689256000333","",2004-03-22,"999","",,""
8035,1993,,"Usnfur","Usnea","furfurosula","689257000333","",2004-03-22,"999","",2005-06-07,"333"
8036,1993,,"Usngla","Usnea","glabrata","689258000333","",2004-03-22,"999","",2005-06-07,"333"
8037,1993,,"Usngls","Usnea","glabrescens","689259000333","",2004-03-22,"999","",,""
8038,1993,,"Usngra","Usnea","graciosa","689260000333","",2004-03-22,"999","",2005-06-07,"333"
8039,1993,,"Usnhal","Usnea","halei","689261000333","",2004-03-22,"999","",2005-06-07,"333"
8040,1993,,"Usnhes","Usnea","hesperina","689262000333","",2004-03-22,"999","",2005-06-07,"333"
8041,1993,,"Usnhir","Usnea","hirta","689263000333","",2004-03-22,"999","",2005-06-07,"333"
8042,1993,,"Usnint","Usnea","intermedia","689264000333","",2004-03-22,"999","",2005-06-07,"333"
8043,1993,,"Usnkuj","Usnea","kujalae","689265000333","",2004-03-22,"999","",2005-06-07,"333"
8044,1993,,"Usnlap","Usnea","lapponica","689266000333","",2004-03-22,"999","",,""
8045,1993,,"Usnleu","Usnea","leucosticta","689267000333","",2004-03-22,"999","",2005-06-07,"333"
8046,1993,,"Usnlon","Usnea","longissima","689268000333","",2004-03-22,"999","",2005-06-07,"333"
8047,1993,2005,"Usnmad","Usnea","madeirensis (=silesiaca)","689269000333","",2004-03-22,"999","",2005-06-07,"333"
8047,2005,,"Usnmad","Usnea","silesiaca","689270000333","",2006-03-31,"333","",,""
8048,1993,,"Usnmer","Usnea","merrillii","689271000333","",2004-03-22,"999","",2005-06-07,"333"
8049,1993,,"Usnmic","Usnea","michauxii","689272000333","",2004-03-22,"999","",2005-06-07,"333"
8050,1993,,"Usnmir","Usnea","miriabilis","689273000333","",2004-03-22,"999","",2005-06-07,"333"
8051,1993,,"Usnmon","Usnea","monstruosa","689274000333","",2004-03-22,"999","",2005-06-07,"333"
8052,1993,,"Usnmnt","Usnea","montana","689275000333","",2004-03-22,"999","",2005-06-07,"333"
8053,1993,,"Usnmut","Usnea","mutabilis","689276000333","",2004-03-22,"999","",2005-06-07,"333"
8054,1993,,"Usnocc","Usnea","occidentalis","689278000333","",2004-03-22,"999","",2005-06-07,"333"
8055,1993,,"Usnpac","Usnea","pachyclada","689279000333","",2004-03-22,"999","",2005-06-07,"333"
8056,1993,,"Usnpen","Usnea","pensylvanica","689281000333","",2004-03-22,"999","",2005-06-07,"333"
8057,1993,,"Usnper","Usnea","perplexans","689282000333","",2004-03-22,"999","",2005-06-07,"333"
8058,1993,,"Usnpli","Usnea","plicata","689283000333","",2004-03-22,"999","",,""
8059,1993,,"Usnpro","Usnea","prostrata","689284000333","",2004-03-22,"999","",2005-06-07,"333"
8060,1993,,"Usnram","Usnea","ramillosa","689285000333","",2004-03-22,"999","",2005-06-07,"333"
8061,1993,2010,"Usnret","Usnea","retifera","689286000333","",2004-03-22,"999","",2011-04-11,"440"
8062,1993,,"Usnros","Usnea","roseola","689288000333","",2004-03-22,"999","",2005-06-07,"333"
8063,1993,,"Usnrub","Usnea","rubicunda","689289000333","",2004-03-22,"999","",2005-06-07,"333"
8064,1993,,"Usnsci","Usnea","scabiosa","689290000333","",2004-03-22,"999","",2005-06-07,"333"
8065,1993,,"Usnsca","Usnea","scabrata","689291000333","",2004-03-22,"999","",2005-06-07,"333"
8066,1993,,"Usnsch","Usnea","scholanderi","689292000333","",2004-03-22,"999","",2005-06-07,"333"
8067,1993,,"Usnsph","Usnea","sphacelata","689294000333","",2004-03-22,"999","",2005-06-07,"333"
8068,1993,,"Usnspi","Usnea","spinulifera","689295000333","",2004-03-22,"999","",2005-06-07,"333"
8069,1993,,"Usnstr","Usnea","strigosa","689296000333","",2004-03-22,"999","",2005-06-07,"333"
8070,1993,,"Usnstu","Usnea","stuppea","689297000333","",2004-03-22,"999","",2005-06-07,"333"
8071,1993,,"Usnscv","Usnea","subcavata","689298000333","",2004-03-22,"999","",2005-06-07,"333"
8072,1993,,"Usnsub","Usnea","subfloridana","689299000333","",2004-03-22,"999","",,""
8073,1993,,"Usnsfu","Usnea","subfusca","689300000333","",2004-03-22,"999","",2005-06-07,"333"
8074,1993,,"Usnshi","Usnea","subhirta","689301000333","",2004-03-22,"999","",2005-06-07,"333"
8075,1993,,"Usnsla","Usnea","sublaxa","689302000333","",2004-03-22,"999","",2005-06-07,"333"
8076,1993,,"Usnssc","Usnea","subscabrosa","689303000333","",2004-03-22,"999","",2005-06-07,"333"
8077,1993,,"Usnsst","Usnea","substerilis","689304000333","",2004-03-22,"999","",2005-06-07,"333"
8078,1993,,"Usnsyl","Usnea","sylvatica","689305000333","",2004-03-22,"999","",2005-06-07,"333"
8079,1993,,"Usntri","Usnea","trichodea","689306000333","",2004-03-22,"999","",2005-06-07,"333"
8080,1993,,"Usntrs","Usnea","tristis","689307000333","",2004-03-22,"999","",2005-06-07,"333"
8081,1993,,"Usnvai","Usnea","vainioi","689308000333","",2004-03-22,"999","",2005-06-07,"333"
8082,1993,,"Usnvar","Usnea","variegata","689309000333","",2004-03-22,"999","",2005-06-07,"333"
8083,1993,,"Usnvro","Usnea","variolosa","689310000333","",2004-03-22,"999","",2005-06-07,"333"
8084,1993,,"Usnwir","Usnea","wirthii","689312000333","",2004-03-22,"999","",2005-06-07,"333"
8085,1993,,"Usnxan","Usnea","xanthopoga","689313000333","",2004-03-22,"999","",2005-06-07,"333"
8086,1993,,"Usnsp1","Usnea","sp.1 of Clerc","689293000333","",2004-03-22,"999","",2005-06-07,"333"
8087,1997,,"Usncha","Usnea","chaetophora","689234000333","",2004-03-22,"999","",2005-06-07,"333"
8088,1997,,"Usnesp","Usnea","esperantiana","689247000333","",2004-03-22,"999","",,""
8089,1997,,"Usnmol","Usnea","fragilescens v.mollis","689254000333","",2004-03-22,"999","",2005-06-07,"333"
8090,1997,,"Usnnid","Usnea","nidulans","689277000333","",2004-03-22,"999","",2005-06-07,"333"
8091,1997,,"Usnrig","Usnea","rigida","689287000333","",2004-03-22,"999","",2005-06-07,"333"
8092,1999,,"Usnwas","Usnea","wasmuthii","689311000333","",2004-03-22,"999","",2005-06-07,"333"
8093,1999,,"Usnpcf","Usnea","pacificana","689280000333","",2004-03-22,"999","",2005-06-07,"333"
8094,2006,,"Usnfla","Usnea","flavocardia","690018000333","",2007-05-10,"333","",,""
8100,1993,,"Way","Waynea","","689320000333","",2004-03-22,"999","",2005-06-07,"333"
8101,1993,,"Waycal","Waynea","californica","689319000333","",2004-03-22,"999","",2005-06-07,"333"
8150,1997,,"Vul","Vulpicida","","689318000333","",2004-03-22,"999","",2005-06-07,"333"
8151,1997,,"Vulcan","Vulpicida","canadensis","689315000333","",2004-03-22,"999","",,""
8152,1997,,"Vulpin","Vulpicida","pinastri","689316000333","",2004-03-22,"999","",,""
8153,1997,,"Vulvir","Vulpicida","viridis","689317000333","",2004-03-22,"999","",,""
8170,2004,,"Xam","Xanthomendoza","","689333000333","",2005-06-07,"333","",,""
8200,1993,,"Xan","Xanthoria","","689361000333","",2004-03-22,"999","",,""
8201,1993,,"Xancan","Xanthoria","candelaria","689344000333","",2004-03-22,"999","",,""
8202,1993,,"Xanele","Xanthoria","elegans","689346000333","",2004-03-22,"999","",2005-06-07,"333"
8203,2004,,"Xanfal","Xanthomendoza","fallax","689324000333","",2005-06-07,"333","",,""
8203,1993,2004,"Xanfal","Xanthoria","fallax","689347000333","",2004-03-22,"999","",2005-06-07,"333"
8204,2004,,"Xanhas","Xanthomendoza","hasseana","689327000333","",2005-06-07,"333","",,""
8204,1993,2004,"Xanhas","Xanthoria","hasseana","689349000333","",2004-03-22,"999","",2005-06-07,"333"
8205,1993,,"Xanlob","Xanthoria","lobulata","689350000333","",2004-03-22,"999","",2005-06-07,"333"
8206,1993,,"Xanpar","Xanthoria","parietina","689354000333","",2004-03-22,"999","",2005-06-07,"333"
8207,1993,,"Xanpol","Xanthoria","polycarpa","689355000333","",2004-03-22,"999","",,""
8208,1993,,"Xanram","Xanthoria","ramulosa","689356000333","",2004-03-22,"999","",2005-06-07,"333"
8209,2004,,"Xansub","Xanthomendoza","subramulosa","689331000333","",2005-06-07,"333","",,""
8209,1993,2004,"Xansub","Xanthoria","subramulosa","689358000333","",2004-03-22,"999","",2005-06-07,"333"
8210,2004,,"Xanful","Xanthomendoza","fulva","689325000333","",2005-06-07,"333","",,""
8210,1995,2004,"Xanful","Xanthoria","fulva","689348000333","",2004-03-22,"999","",2005-06-07,"333"
8211,2004,,"Xanbor","Xanthomendoza","borealis","689322000333","",2005-06-07,"333","",,""
8211,1997,2004,"Xanbor","Xanthoria","borealis","689343000333","",2004-03-22,"999","",2005-06-07,"333"
8212,2004,,"Xancon","Xanthomendoza","concinna","689323000333","",2005-06-07,"333","",,""
8212,1997,2004,"Xancon","Xanthoria","concinna","689345000333","",2004-03-22,"999","",2005-06-07,"333"
8213,2005,,"Xanmen","Xanthomendoza","mendozae","689328000333","",2006-03-31,"333","",,""
8213,1997,2005,"Xanmen","Xanthoria","mendozae","689351000333","",2004-03-22,"999","",2005-06-07,"333"
8214,2004,,"Xanmon","Xanthomendoza","montana","689329000333","",2005-06-07,"333","",,""
8214,1997,2004,"Xanmon","Xanthoria","montana","689352000333","",2004-03-22,"999","",2005-06-07,"333"
8215,2004,,"Xanore","Xanthomendoza","oregana","689330000333","",2005-06-07,"333","",,""
8215,1997,2004,"Xanore","Xanthoria","oregana","689353000333","",2004-03-22,"999","",2005-06-07,"333"
8216,1997,,"Xansor","Xanthoria","sorediata","689357000333","",2004-03-22,"999","",2005-06-07,"333"
8217,1997,,"Xanten","Xanthoria","tenax","689359000333","",2004-03-22,"999","",2005-06-07,"333"
8218,2004,,"Xanulo","Xanthomendoza","ulophyllodes","689332000333","",2005-06-07,"333","",,""
8218,1997,2004,"Xanulo","Xanthoria","ulophyllodes","689360000333","",2004-03-22,"999","",2005-06-07,"333"
8219,2004,2005,"Xangal","Xanthomendoza","""galericulata""","689321000333","",2005-06-07,"333","",,""
8219,2005,,"Xangal","Xanthomendoza","galericulata","689326000333","",2006-03-31,"333","",,""
8300,1993,,"Cnd","Candelaria","","688462000333","",2004-03-22,"999","",2005-06-07,"333"
8301,1993,,"Cndcon","Candelaria","concolor","688459000333","",2004-03-22,"999","",,""
8302,1993,,"Cndfib","Candelaria","fibrosa","688460000333","",2004-03-22,"999","",2005-06-07,"333"
8303,2002,2005,"Cndpac","Candelaria","""pacifica""","688458000333","",2004-03-22,"999","",2004-04-20,"999"
8303,2005,,"Cndpac","Candelaria","pacifica","688461000333","",2006-03-31,"333","",,""
8400,1994,,"Lpc","Leptochidium","","688777000333","",2004-03-22,"999","",2005-06-07,"333"
8401,1994,,"Lpcalb","Leptochidium","albociliatum","688776000333","",2004-03-22,"999","",2005-06-07,"333"
8500,1994,,"Rhi","Rhizoplaca","","689172000333","",2004-03-22,"999","",2005-06-07,"333"
8501,1994,,"Rhichr","Rhizoplaca","chrysoleuca","689170000333","",2004-03-22,"999","",2005-06-07,"333"
8502,1994,,"Rhimel","Rhizoplaca","melanophthalma","689171000333","",2004-03-22,"999","",2005-06-07,"333"
8600,2002,,"Lec","Lecanora","","688773000333","",2004-03-22,"999","",2005-06-07,"333"
8601,2002,,"Lecmur","Lecanora","muralis","688772000333","",2004-03-22,"999","",2005-06-07,"333"
8700,1994,,"Coe","Coelocaulon","","688597000333","",2004-03-22,"999","",2005-06-07,"333"
8701,1994,,"Coemur","Coelocaulon","muricatum","688596000333","",2004-03-22,"999","",2005-06-07,"333"
8800,2006,,"Lpr","Leprocaulon","","690010000333","",2007-05-10,"333","",,""
8801,2006,,"Lprmic","Leprocaulon","microscopicum","690009000333","",2007-05-10,"333","",,""
9000,1994,,"Xpm","Xanthoparmelia","","689342000333","",2004-03-22,"999","",2005-06-07,"333"
9001,1994,,"Xpmcum","Xanthoparmelia","cumberlandia","689336000333","",2004-03-22,"999","",2005-06-07,"333"
9002,1994,,"Xpmlav","Xanthoparmelia","lavicola","689337000333","",2004-03-22,"999","",2005-06-07,"333"
9003,1994,,"Xpmcol","Xanthoparmelia","coloradensis","689334000333","",2004-03-22,"999","",2005-06-07,"333"
9004,1997,,"Xpmpli","Xanthoparmelia","plittii","689340000333","",2004-03-22,"999","",2005-06-07,"333"
9005,1997,,"Xpmlin","Xanthoparmelia","lineola","689338000333","",2004-03-22,"999","",2005-06-07,"333"
9006,1997,,"Xpmsub","Xanthoparmelia","subdecipiens","689341000333","",2004-03-22,"999","",2005-06-07,"333"
9007,2002,,"Xpmcon","Xanthoparmelia","conspersa","689335000333","",2004-03-22,"999","",2005-06-07,"333"
9008,2003,,"Xpmmex","Xanthoparmelia","mexicana","689339000333","",2004-04-20,"999","",,""
9009,2009,,"Xpmwyo","Xanthoparmelia","wyomingica","2115514000440","",2010-11-03,"440","",,""
9999,1993,,"unk","unknown","","689219000333","",2004-03-22,"999","",2005-06-07,"333"
4808,2010,,"Parbar","Parmelia","barrenoae","2244482000440","",2011-04-11,"440","",,""
6713,2010,,"Puncas","Punctelia","caseana","2244483000440","",2011-04-11,"440","",,""
6714,2010,,"Punjec","Punctelia","jeckeri","2244484000440","",2011-04-11,"440","",,""
8095,2010,,"Usnpar","Usnea","parvula","2244485000440","",2011-04-11,"440","",,""
100,1993,,"Aht","Ahtiana","","688405000333","",2004-03-22,"999","",2005-06-07,"333"
101,1993,,"Ahtsph","Ahtiana","sphaerosporella","688404000333","",2004-03-22,"999","",2005-06-07,"333"
200,1993,,"Ale","Alectoria","","688413000333","",2004-03-22,"999","",2005-06-07,"333"
201,1993,,"Alefal","Alectoria","fallacina","688406000333","",2004-03-22,"999","",2005-06-07,"333"
202,1993,,"Aleims","Alectoria","imshaugii","688407000333","",2004-03-22,"999","",2005-06-07,"333"
203,1993,,"Alelat","Alectoria","lata","688408000333","",2004-03-22,"999","",2005-06-07,"333"
204,1993,,"Alenig","Alectoria","nigricans","688409000333","",2004-03-22,"999","",2005-06-07,"333"
205,1993,,"Alesar","Alectoria","sarmentosa","688411000333","",2004-03-22,"999","",2005-06-07,"333"
206,1993,,"Alevan","Alectoria","vancouverensis","688412000333","",2004-03-22,"999","",2005-06-07,"333"
207,1999,,"Aleoch","Alectoria","ochroleuca","688410000333","",2004-03-22,"999","",2005-06-07,"333"
300,1993,,"Ana","Anaptychia","","688416000333","",2004-03-22,"999","",2005-06-07,"333"
301,1993,,"Anapal","Anaptychia","palmulata","688414000333","",2004-03-22,"999","",2005-06-07,"333"
302,1993,,"Anaset","Anaptychia","setifera","688415000333","",2004-03-22,"999","",2005-06-07,"333"
400,1993,,"Anz","Anzia","","688420000333","",2004-03-22,"999","",2005-06-07,"333"
401,1993,,"Anzame","Anzia","americana","688417000333","",2004-03-22,"999","",2005-06-07,"333"
402,1993,,"Anzcol","Anzia","colpodes","688418000333","",2004-03-22,"999","",2005-06-07,"333"
403,1993,,"Anzorn","Anzia","ornata","688419000333","",2004-03-22,"999","",2005-06-07,"333"
500,1993,,"Brc","Bryocaulon","","688422000333","",2004-03-22,"999","",2005-06-07,"333"
501,1993,,"Brcpse","Bryocaulon","pseudosatoanum","688421000333","",2004-03-22,"999","",2005-06-07,"333"
600,1993,,"Bry","Bryoria","","688450000333","",2004-03-22,"999","",2005-06-07,"333"
601,1993,,"Bryabb","Bryoria","abbreviata","688423000333","",2004-03-22,"999","",,""
602,1993,,"Brybic","Bryoria","bicolor","688424000333","",2004-03-22,"999","",2005-06-07,"333"
603,1993,,"Brycap","Bryoria","capillaris","688425000333","",2004-03-22,"999","",2005-06-07,"333"
604,1993,,"Brycar","Bryoria","carlottae","688426000333","",2004-03-22,"999","",2005-06-07,"333"
605,1993,,"Brycer","Bryoria","cervinula","688427000333","",2004-03-22,"999","",2005-06-07,"333"
606,1993,,"Brycha","Bryoria","chalybeiformis","688428000333","",2004-03-22,"999","",,""
607,1993,,"Bryfre","Bryoria","fremontii","688429000333","",2004-03-22,"999","",2005-06-07,"333"
608,1993,,"Bryfri","Bryoria","friabilis","688430000333","",2004-03-22,"999","",2005-06-07,"333"
609,1993,,"Bryfur","Bryoria","furcellata","688431000333","",2004-03-22,"999","",2005-06-07,"333"
610,1993,,"Bryfus","Bryoria","fuscescens","688432000333","",2004-03-22,"999","",,""
611,1993,,"Brygla","Bryoria","glabra","688433000333","",2004-03-22,"999","",,""
612,1993,,"Bryimp","Bryoria","implexa","688434000333","",2004-03-22,"999","",2005-06-07,"333"
613,1993,,"Brylan","Bryoria","lanestris","688435000333","",2004-03-22,"999","",,""
614,1993,,"Brynad","Bryoria","nadvornikiana","688437000333","",2004-03-22,"999","",2005-06-07,"333"
615,1993,,"Bryore","Bryoria","oregana","688438000333","",2004-03-22,"999","",,""
617,1993,,"Brypsc","Bryoria","pseudocapillaris","688440000333","",2004-03-22,"999","",2005-06-07,"333"
618,1993,,"Brypse","Bryoria","pseudofuscescens","688441000333","",2004-03-22,"999","",2005-06-07,"333"
619,1993,,"Brysal","Bryoria","salazinica","688442000333","",2004-03-22,"999","",2005-06-07,"333"
620,1993,,"Brysim","Bryoria","simplicior","688443000333","",2004-03-22,"999","",2005-06-07,"333"
621,1993,,"Bryspi","Bryoria","spiralifera","688444000333","",2004-03-22,"999","",2005-06-07,"333"
622,1993,,"Brysub","Bryoria","subcana","688445000333","",2004-03-22,"999","",2005-06-07,"333"
623,1993,,"Bryten","Bryoria","tenuis","688446000333","",2004-03-22,"999","",2005-06-07,"333"
624,1993,,"Brytor","Bryoria","tortuosa","688447000333","",2004-03-22,"999","",2005-06-07,"333"
625,1993,,"Brytri","Bryoria","trichodes","688448000333","",2004-03-22,"999","",2005-06-07,"333"
626,1994,,"Bryvra","Bryoria","vrangiana","688449000333","",2004-03-22,"999","",2005-06-07,"333"
627,1997,,"Bryoli","Bryoria","mystery olive sp.","688436000333","",2004-03-22,"999","",2005-06-07,"333"
700,1993,,"Bul","Bulbothrix","","688457000333","",2004-03-22,"999","",2005-06-07,"333"
701,1993,,"Bulcon","Bulbothrix","confoederata","688451000333","",2004-03-22,"999","",2005-06-07,"333"
702,1993,,"Bulcor","Bulbothrix","coronata","688452000333","",2004-03-22,"999","",2005-06-07,"333"
703,1993,,"Bulgoe","Bulbothrix","goebelii","688453000333","",2004-03-22,"999","",2005-06-07,"333"
704,1993,,"Bulisi","Bulbothrix","isidiza","688455000333","",2004-03-22,"999","",2005-06-07,"333"
705,1993,,"Bullae","Bulbothrix","laevigatula","688456000333","",2004-03-22,"999","",2005-06-07,"333"
706,1994,,"Bulhyp","Bulbothrix","hypocraca","688454000333","",2004-03-22,"999","",2005-06-07,"333"
770,2002,,"Cnm","Canomaculina","","688467000333","",2004-04-20,"999","",,""
800,1993,,"Can","Canoparmelia","","688476000333","",2004-03-22,"999","",2005-06-07,"333"
801,1993,,"Canama","Canoparmelia","amazonica","688469000333","",2004-03-22,"999","",2005-06-07,"333"
802,1993,,"Cancar","Canoparmelia","caroliniana","688470000333","",2004-03-22,"999","",2005-06-07,"333"
803,1993,,"Cancro","Canoparmelia","crozalsiana","688471000333","",2004-03-22,"999","",2005-06-07,"333"
804,1993,,"Cancry","Canoparmelia","cryptochloro.","688472000333","",2004-03-22,"999","",2005-06-07,"333"
805,1993,,"Canmar","Canoparmelia","martinicana","688473000333","",2004-03-22,"999","",2005-06-07,"333"
806,1993,,"Cansal","Canoparmelia","salacinifera","688474000333","",2004-03-22,"999","",2005-06-07,"333"
807,1993,,"Cantex","Canoparmelia","texana","688475000333","",2004-03-22,"999","",2005-06-07,"333"
808,1999,,"Canamb","Canoparmelia","amabilis","688468000333","",2004-03-22,"999","",2005-06-07,"333"
850,2002,,"Cat","Catapyrenium","","688478000333","",2004-03-22,"999","",2005-06-07,"333"
851,2002,,"Cattuc","Catapyrenium","tuckermanii","688477000333","",2004-03-22,"999","",,""
900,1993,,"Cav","Cavernularia","","688481000333","",2004-03-22,"999","",2005-06-07,"333"
901,1993,,"Cavhul","Cavernularia","hultenii","688479000333","",2004-03-22,"999","",2005-06-07,"333"
902,1993,,"Cavlop","Cavernularia","lophyrea","688480000333","",2004-03-22,"999","",2005-06-07,"333"
1000,1993,,"Cet","Cetraria","","688503000333","",2004-03-22,"999","",2005-06-07,"333"
1001,1993,,"Cetame","Cetraria","americana","688482000333","",2004-03-22,"999","",2005-06-07,"333"
1002,1993,,"Cetaur","Cetraria","aurescens","688483000333","",2004-03-22,"999","",2005-06-07,"333"
1003,1993,,"Cetcal","Cetraria","californica","688484000333","",2004-03-22,"999","",,""
1004,1993,,"Cetcan","Cetraria","canadensis","688485000333","",2004-03-22,"999","",,""
1005,1993,,"Cetchl","Cetraria","chlorophylla","688486000333","",2004-03-22,"999","",,""
1006,1993,,"Cetcil","Cetraria","ciliaris","688487000333","",2004-03-22,"999","",2005-06-07,"333"
1007,1993,2003,"Cetcor","Cetraria","coralligera","688488000333","",2004-03-22,"999","",2004-04-20,"999"
1007,2003,,"Cetcor","Tuckermanella","coralligera","689214000333","",2004-04-20,"999","",,""
1008,1993,2008,"Cetfen","Cetraria","fendleri","688489000333","",2004-03-22,"999","",2009-04-21,"333"
1008,2008,,"Cetfen","Tuckermanella","fendleri","874501000333","",2009-04-21,"333","",,""
1009,1993,,"Cetine","Cetraria","inermis","688490000333","",2004-03-22,"999","",2005-06-07,"333"
1010,1993,,"Cetjun","Cetraria","juniperina","688491000333","",2004-03-22,"999","",2005-06-07,"333"
1011,1993,,"Cetmer","Cetraria","merrillii","688492000333","",2004-03-22,"999","",,""
1012,1993,,"Cetoak","Cetraria","oakesiana","688493000333","",2004-03-22,"999","",2005-06-07,"333"
1013,1993,,"Cetorb","Cetraria","orbata","688494000333","",2004-03-22,"999","",,""
1014,1993,,"Cetpal","Cetraria","pallidula","688495000333","",2004-03-22,"999","",,""
1015,1993,,"Cetpin","Cetraria","pinastri","688496000333","",2004-03-22,"999","",,""
1016,1993,,"Cetpla","Cetraria","platyphylla","688497000333","",2004-03-22,"999","",,""
1017,1993,,"Cetsep","Cetraria","sepincola","688498000333","",2004-03-22,"999","",2005-06-07,"333"
1018,1993,,"Cetsib","Cetraria","sibirica","688499000333","",2004-03-22,"999","",2005-06-07,"333"
1019,1993,,"Cetsub","Cetraria","subalpina","688500000333","",2004-03-22,"999","",2005-06-07,"333"
1020,1993,,"Cetvir","Cetraria","viridis","688501000333","",2004-03-22,"999","",,""
1021,1993,2008,"Cetweb","Cetraria","weberi","688502000333","",2004-03-22,"999","",2009-04-21,"333"
1021,2008,,"Cetweb","Tuckermanella","weberi","874502000333","",2009-04-21,"333","",,""
1100,1993,,"Cel","Cetrelia","","688508000333","",2004-03-22,"999","",2005-06-07,"333"
1101,1993,,"Celcet","Cetrelia","cetrarioides","688504000333","",2004-03-22,"999","",2005-06-07,"333"
1102,1993,,"Celchi","Cetrelia","chicitae","688505000333","",2004-03-22,"999","",2005-06-07,"333"
1103,1993,,"Celmon","Cetrelia","monachorum","688506000333","",2004-03-22,"999","",2005-06-07,"333"
1104,1993,,"Celoli","Cetrelia","olivetorum","688507000333","",2004-03-22,"999","",2005-06-07,"333"
1180,2000,2004,"Cld","Cladina","","688512000333","",2004-03-22,"999","",2005-06-08,"333"
1180,2004,,"Cld","Cladina-form","","688513000333","",2005-06-07,"333","",2005-06-08,"333"
1181,2000,2004,"Cldran","Cladina","rangiferina","688510000333","",2004-03-22,"999","",2005-06-08,"333"
1181,2004,,"Cldran","Cladonia","rangiferina","688574000333","",2005-06-07,"333","",2005-06-08,"333"
1182,2003,2004,"Cldarb","Cladina","arbuscula","688509000333","",2004-04-20,"999","",2005-06-08,"333"
1182,2004,,"Cldarb","Cladonia","arbuscula","688517000333","",2005-06-07,"333","",2005-06-08,"333"
1183,2003,2004,"Cldsub","Cladina","subtenuis","688511000333","",2004-04-20,"999","",2005-06-08,"333"
1183,2004,,"Cldsub","Cladonia","subtenuis","688582000333","",2005-06-07,"333","",2005-06-08,"333"
1184,2006,,"Cldpor","Cladonia","portentosa","690004000333","",2007-05-10,"333","",,""
1200,1993,,"Cla","Cladonia","","688589000333","",2004-03-22,"999","",2005-06-07,"333"
1201,1993,,"Claani","Cladonia","anitae ? Mycol.7","688515000333","",2004-03-22,"999","",2005-06-07,"333"
1202,1993,,"Claasa","Cladonia","asahinae","688518000333","",2004-03-22,"999","",2005-06-07,"333"
1203,1993,,"Clabac","Cladonia","bacillaris","688519000333","",2004-03-22,"999","",,""
1204,1993,,"Clabea","Cladonia","beaumontii","688520000333","",2004-03-22,"999","",2005-06-07,"333"
1205,1993,,"Clabot","Cladonia","botryocarpa","688522000333","",2004-03-22,"999","",2005-06-07,"333"
1206,1993,,"Clabuc","Cladonia","buckii","688525000333","",2004-03-22,"999","",2005-06-07,"333"
1207,1993,,"Clacae","Cladonia","caespiticia","688526000333","",2004-03-22,"999","",2005-06-07,"333"
1208,1993,,"Clacar","Cladonia","carneola","688528000333","",2004-03-22,"999","",2005-06-07,"333"
1209,1993,,"Clacen","Cladonia","cenotea","688529000333","",2004-03-22,"999","",2005-06-07,"333"
1210,1993,,"Clachl","Cladonia","chlorophaea","688530000333","",2004-03-22,"999","",2005-06-07,"333"
1211,1993,,"Clacon","Cladonia","coniocraea","688533000333","",2004-03-22,"999","",,""
1212,1993,,"Clacri","Cladonia","cristatella","688537000333","",2004-03-22,"999","",2005-06-07,"333"
1213,1993,,"Clacry","Cladonia","cryptochlorophaea","688538000333","",2004-03-22,"999","",2005-06-07,"333"
1214,1993,,"Clacyl","Cladonia","cylindrica","688539000333","",2004-03-22,"999","",2005-06-07,"333"
1215,1993,,"Cladef","Cladonia","deformis","688541000333","",2004-03-22,"999","",2005-06-07,"333"
1216,1993,,"Cladig","Cladonia","digitata","688543000333","",2004-03-22,"999","",2005-06-07,"333"
1217,1993,,"Clafim","Cladonia","fimbriata","688546000333","",2004-03-22,"999","",2005-06-07,"333"
1218,1993,,"Claflo","Cladonia","floerkeana","688547000333","",2004-03-22,"999","",2005-06-07,"333"
1219,1993,,"Clagrn","Cladonia","granulans?","688551000333","",2004-03-22,"999","",2005-06-07,"333"
1220,1993,,"Clagra","Cladonia","grayi","688552000333","",2004-03-22,"999","",2005-06-07,"333"
1221,1993,,"Clahom","Cladonia","homosekikaica","688553000333","",2004-03-22,"999","",2005-06-07,"333"
1222,1993,,"Clahum","Cladonia","humilis","688554000333","",2004-03-22,"999","",2005-06-07,"333"
1223,1993,,"Clahyp","Cladonia","hypoxantha","688555000333","",2004-03-22,"999","",2005-06-07,"333"
1224,1993,,"Clalep","Cladonia","leporina","688557000333","",2004-03-22,"999","",2005-06-07,"333"
1225,1993,,"Clamac","Cladonia","macilenta","688558000333","",2004-03-22,"999","",,""
1226,1993,,"Clamcr","Cladonia","macroptera?","688559000333","",2004-03-22,"999","",2005-06-07,"333"
1227,1993,,"Clamer","Cladonia","merochlorophaea","688561000333","",2004-03-22,"999","",2005-06-07,"333"
1228,1993,,"Claoch","Cladonia","ochrochlora","688564000333","",2004-03-22,"999","",,""
1229,1993,,"Clapar","Cladonia","parasitica","688565000333","",2004-03-22,"999","",2005-06-07,"333"
1230,1993,,"Claper","Cladonia","perlomera?","688566000333","",2004-03-22,"999","",2005-06-07,"333"
1231,1993,,"Clapol","Cladonia","polydactyla","688570000333","",2004-03-22,"999","",2005-06-07,"333"
1232,1993,,"Clapse","Cladonia","pseudohondoensis","688571000333","",2004-03-22,"999","",2005-06-07,"333"
1233,1993,,"Clapyx","Cladonia","pyxidata","688572000333","",2004-03-22,"999","",2005-06-07,"333"
1234,1993,,"Claram","Cladonia","ramulosa","688573000333","",2004-03-22,"999","",2005-06-07,"333"
1235,1993,,"Clarav","Cladonia","ravenelii","688575000333","",2004-03-22,"999","",2005-06-07,"333"
1236,1993,,"Clasqu","Cladonia","squamosa","688579000333","",2004-03-22,"999","",2005-06-07,"333"
1237,1993,,"Clasub","Cladonia","subradiata","688581000333","",2004-03-22,"999","",2005-06-07,"333"
1238,1993,,"Classq","Cladonia","squamosa v. subsquamosa","688580000333","",2004-03-22,"999","",2005-06-07,"333"
1239,1993,,"Clasul","Cladonia","sulphurina","688583000333","",2004-03-22,"999","",2005-06-07,"333"
1240,1993,,"Clatra","Cladonia","transcendens","688584000333","",2004-03-22,"999","",,""
1241,1993,,"Claumb","Cladonia","umbricola","688585000333","",2004-03-22,"999","",2005-06-07,"333"
1242,1993,,"Clapex","Cladonia","peziziformis","688567000333","",2004-03-22,"999","",2005-06-07,"333"
1243,1993,,"Cladid","Cladonia","didyma","688542000333","",2004-03-22,"999","",2005-06-07,"333"
1244,1993,,"Clafur","Cladonia","furcata","688548000333","",2004-03-22,"999","",2005-06-07,"333"
1245,1993,,"Clamat","Cladonia","mateocyatha","688560000333","",2004-03-22,"999","",2005-06-07,"333"
1246,1993,,"Clasim","Cladonia","simulata","688577000333","",2004-03-22,"999","",2005-06-07,"333"
1247,1994,,"Clavul","Cladonia","vulcanica","688588000333","",2004-03-22,"999","",2005-06-07,"333"
1248,1994,,"Claver","Cladonia","verruculosa","688587000333","",2004-03-22,"999","",2005-06-07,"333"
1249,1994,,"Clacrp","Cladonia","crispata","688536000333","",2004-03-22,"999","",2005-06-07,"333"
1250,1994,,"Clanor","Cladonia","norvegica","688563000333","",2004-03-22,"999","",2005-06-07,"333"
1251,1994,,"Clarei","Cladonia","rei","688576000333","",2004-03-22,"999","",2005-06-07,"333"
1252,1994,,"Clainc","Cladonia","incrassata","688556000333","",2004-03-22,"999","",2005-06-07,"333"
1253,1994,,"Claalb","Cladonia","albonigra","688514000333","",2004-03-22,"999","",2005-06-07,"333"
1254,1994,,"Clabre","Cladonia","brevis","688524000333","",2004-03-22,"999","",2005-06-07,"333"
1255,1997,,"Clacst","Cladonia","conista","688534000333","",2004-03-22,"999","",2005-06-07,"333"
1256,1999,,"Clabel","Cladonia","bellidiflora","688521000333","",2004-03-22,"999","",2005-06-07,"333"
1257,1999,,"Clamet","Cladonia","metacorallifera","688562000333","",2004-03-22,"999","",2005-06-07,"333"
1258,2000,,"Claboy","Cladonia","botrytes","688523000333","",2004-03-22,"999","",2005-06-07,"333"
1259,2000,,"Claecm","Cladonia","ecmocyna","688544000333","",2004-03-22,"999","",2005-06-07,"333"
1260,2000,,"Clagrg","Cladonia","gracilis","688549000333","",2004-03-22,"999","",2005-06-07,"333"
1261,2000,,"Clagrt","Cladonia","gracilis ssp. turbinata","688550000333","",2004-03-22,"999","",2005-06-07,"333"
1262,2000,,"Clacor","Cladonia","cornuta","688535000333","",2004-03-22,"999","",2005-06-07,"333"
1263,2000,,"Clacai","Cladonia","cariosa","688527000333","",2004-03-22,"999","",2005-06-07,"333"
1264,2000,,"Cladec","Cladonia","decorticata","688540000333","",2004-03-22,"999","",2005-06-07,"333"
1265,2000,,"Clafar","Cladonia","farinacea","688545000333","",2004-03-22,"999","",2005-06-07,"333"
1266,2000,,"Clacla","Cladonia","clavulifera","688531000333","",2004-03-22,"999","",2005-06-07,"333"
1267,2001,,"Claple","Cladonia","pleurota","688568000333","",2004-03-22,"999","",2005-06-07,"333"
1268,2001,,"Clasob","Cladonia","sobolescens","688578000333","",2004-03-22,"999","",2005-06-07,"333"
1269,2001,,"Clacoc","Cladonia","coccifera","688532000333","",2004-03-22,"999","",2005-06-07,"333"
1270,2002,,"Claply","Cladonia","polycarpoides","688569000333","",2004-03-22,"999","",2005-06-07,"333"
1271,2003,,"Claapo","Cladonia","apodocarpa","688516000333","",2004-04-20,"999","",,""
1272,2003,,"Claunc","Cladonia","uncialis","688586000333","",2004-04-20,"999","",,""
1273,2006,,"Clawai","Cladonia","wainioi","690006000333","",2007-05-10,"333","",,""
1274,2006,,"Clasca","Cladonia","scabriuscula","690005000333","",2007-05-10,"333","",,""
1275,2006,,"Clamul","Cladonia","multiformis","690003000333","",2007-05-10,"333","",,""
1276,2007,,"Clasty","Cladonia","stygia","819505000333","",2008-04-11,"333","",,""
1277,2007,,"Claama","Cladonia","amaurocraea","819504000333","",2008-04-11,"333","",,""
1300,1993,,"Coc","Coccocarpia","","688595000333","",2004-03-22,"999","",2005-06-07,"333"
1301,1993,,"Cocast","Coccocarpia","asterella","688590000333","",2004-03-22,"999","",2005-06-07,"333"
1302,1993,,"Cocdom","Coccocarpia","domingensis","688591000333","",2004-03-22,"999","",2005-06-07,"333"
1303,1993,,"Cocery","Coccocarpia","erythroxyli","688592000333","",2004-03-22,"999","",2005-06-07,"333"
1304,1993,,"Cocpal","Coccocarpia","palmicola","688593000333","",2004-03-22,"999","",2005-06-07,"333"
1305,1993,,"Cocste","Coccocarpia","stellata","688594000333","",2004-03-22,"999","",2005-06-07,"333"
1400,1993,,"Col","Collema","","688615000333","",2004-03-22,"999","",2005-06-07,"333"
1401,1993,,"Colaur","Collema","auriforme","688598000333","",2004-03-22,"999","",2005-06-07,"333"
1402,1993,,"Colcal","Collema","callibotrys","688599000333","",2004-03-22,"999","",2005-06-07,"333"
1403,1993,,"Colcon","Collema","conglomeratum","688600000333","",2004-03-22,"999","",2005-06-07,"333"
1404,1993,,"Colcur","Collema","curtisporum","688601000333","",2004-03-22,"999","",,""
1405,1993,,"Colfas","Collema","fasciculare","688602000333","",2004-03-22,"999","",2005-06-07,"333"
1406,1993,,"Colfec","Collema","fecundum","688603000333","",2004-03-22,"999","",2005-06-07,"333"
1407,1993,,"Colfla","Collema","flaccidum","688604000333","",2004-03-22,"999","",2005-06-07,"333"
1408,1993,,"Colfra","Collema","fragrans","688605000333","",2004-03-22,"999","",2005-06-07,"333"
1409,1993,,"Colfur","Collema","furfuraceum","688606000333","",2004-03-22,"999","",2005-06-07,"333"
1410,1993,,"Colfus","Collema","fuscovirens","688607000333","",2004-03-22,"999","",2005-06-07,"333"
1411,1993,,"Collep","Collema","leptaleum","688608000333","",2004-03-22,"999","",2005-06-07,"333"
1412,1993,,"Colnig","Collema","nigrescens","688609000333","",2004-03-22,"999","",,""
1413,1993,,"Colocc","Collema","occultatum","688610000333","",2004-03-22,"999","",2005-06-07,"333"
1414,1993,,"Colpul","Collema","pulchellum","688611000333","",2004-03-22,"999","",2005-06-07,"333"
1415,1993,,"Colsub","Collema","subflaccidum","688612000333","",2004-03-22,"999","",2005-06-07,"333"
1416,1993,,"Colsni","Collema","subnigrescens","688613000333","",2004-03-22,"999","",2005-06-07,"333"
1417,1993,,"Coltex","Collema","texanum","688614000333","",2004-03-22,"999","",2005-06-07,"333"
1418,2006,,"Colund","Collema","undulatum","690007000333","",2007-05-10,"333","",,""
1600,1993,,"Deg","Degelia","","688617000333","",2004-03-22,"999","",2005-06-07,"333"
1601,1993,,"Degplu","Degelia","plumbea","688616000333","",2004-03-22,"999","",2005-06-07,"333"
1700,1993,,"Dsc","Dendriscocaulon","","688619000333","",2004-03-22,"999","",2005-06-07,"333"
1701,1993,,"Dscint","Dendriscocaulon","intricatulum","688618000333","",2004-03-22,"999","",2005-06-07,"333"
1800,1993,,"Den","Dendrographa","","688622000333","",2004-03-22,"999","",2005-06-07,"333"
1801,1993,,"Denleu","Dendrographa","leucophaea","688620000333","",2004-03-22,"999","",2005-06-07,"333"
1802,1993,,"Denmin","Dendrographa","minor","688621000333","",2004-03-22,"999","",2005-06-07,"333"
1900,1993,,"Dic","Dictyonema","","688624000333","",2004-03-22,"999","",2005-06-07,"333"
1901,1993,,"Dicser","Dictyonema","sericeum","688623000333","",2004-03-22,"999","",2005-06-07,"333"
1902,2005,,"Dicgla","Dictyonema","glabratum","688626000333","",2006-03-31,"333","",,""
1902,1993,2005,"Dicgla","Dicytonema","glabratum","688625000333","",2004-03-22,"999","",2005-06-07,"333"
2100,1993,,"Dir","Dirinaria","","688634000333","",2004-03-22,"999","",2005-06-07,"333"
2101,1993,,"Diraeg","Dirinaria","aegialita","688627000333","",2004-03-22,"999","",2005-06-07,"333"
2102,1993,,"Dirapp","Dirinaria","applanata","688628000333","",2004-03-22,"999","",2005-06-07,"333"
2103,1993,,"Dirasp","Dirinaria","aspera","688629000333","",2004-03-22,"999","",2005-06-07,"333"
2104,1993,,"Dircfl","Dirinaria","confluens","688630000333","",2004-03-22,"999","",2005-06-07,"333"
2105,1993,,"Dircon","Dirinaria","confusa","688631000333","",2004-03-22,"999","",2005-06-07,"333"
2106,1993,,"Dirpic","Dirinaria","picta","688632000333","",2004-03-22,"999","",2005-06-07,"333"
2107,1993,,"Dirpur","Dirinaria","purpurascens","688633000333","",2004-03-22,"999","",2005-06-07,"333"
2200,1993,,"Eri","Erioderma","","688638000333","",2004-03-22,"999","",2005-06-07,"333"
2201,1993,,"Erimol","Erioderma","mollissimum","688635000333","",2004-03-22,"999","",2005-06-07,"333"
2202,1993,,"Eriped","Erioderma","pedicellatum","688636000333","",2004-03-22,"999","",2005-06-07,"333"
2203,1993,,"Erisor","Erioderma","sorediatum","688637000333","",2004-03-22,"999","",2005-06-07,"333"
2300,1993,,"Ess","Esslingeriana","","688640000333","",2004-03-22,"999","",2005-06-07,"333"
2301,1993,,"Essida","Esslingeriana","idahoensis","688639000333","",2004-03-22,"999","",2005-06-07,"333"
2400,1993,,"Eve","Evernia","","688645000333","",2004-03-22,"999","",2005-06-07,"333"
2401,1993,,"Evediv","Evernia","divaricata","688641000333","",2004-03-22,"999","",2005-06-07,"333"
2402,1993,,"Eveeso","Evernia","esorediosa","688642000333","",2004-03-22,"999","",2005-06-07,"333"
2403,1993,,"Evemes","Evernia","mesomorpha","688643000333","",2004-03-22,"999","",2005-06-07,"333"
2404,1993,,"Evepru","Evernia","prunastri","688644000333","",2004-03-22,"999","",2005-06-07,"333"
2500,1993,,"Evs","Everniastrum","","688647000333","",2004-03-22,"999","",2005-06-07,"333"
2501,1993,,"Evscat","Everniastrum","catawbiense","688646000333","",2004-03-22,"999","",2005-06-07,"333"
2600,1993,,"Fla","Flavoparmelia","","688651000333","",2004-03-22,"999","",2005-06-07,"333"
2601,1993,,"Flacap","Flavoparmelia","caperata","688649000333","",2004-03-22,"999","",2005-06-07,"333"
2602,1993,,"Flarut","Flavoparmelia","rutidota","688650000333","",2004-03-22,"999","",2005-06-07,"333"
2603,1994,,"Flabal","Flavoparmelia","baltimorensis","688648000333","",2004-03-22,"999","",2005-06-07,"333"
2650,2001,,"Fus","Fuscopannaria","","688675000333","",2004-03-22,"999","",2005-06-07,"333"
2651,2001,,"Fusala","Fuscopannaria","alaskana","688658000333","",2004-03-22,"999","",2007-05-10,"333"
2652,2001,,"Fusaur","Fuscopannaria","aurita","688659000333","",2004-03-22,"999","",2007-05-10,"333"
2653,2001,,"Fuscal","Fuscopannaria","californica","688660000333","",2004-03-22,"999","",2005-06-07,"333"
2654,2001,,"Fusche","Fuscopannaria","cheiroloba","688661000333","",2004-03-22,"999","",2007-05-10,"333"
2655,2001,,"Fuscon","Fuscopannaria","confusa","688662000333","",2004-03-22,"999","",2005-06-07,"333"
2656,2001,,"Fusinc","Fuscopannaria","incisa","688663000333","",2004-03-22,"999","",2007-05-10,"333"
2657,2001,,"Fuslep","Fuscopannaria","leprosa","688664000333","",2004-03-22,"999","",2007-05-10,"333"
2658,2001,,"Panpac","Fuscopannaria","pacifica","688669000333","",2004-03-22,"999","",2007-05-10,"333"
2659,2001,,"Fusram","Fuscopannaria","ramulina","688672000333","",2004-03-22,"999","",2007-05-10,"333"
2660,2001,,"Fussor","Fuscopannaria","sorediata","688674000333","",2004-03-22,"999","",2007-05-10,"333"
2661,2006,,"Fuslac","Fuscopannaria","laceratula","690008000333","",2007-05-10,"333","",,""
2700,1993,,"Fpu","Flavopunctelia","","688656000333","",2004-03-22,"999","",2005-06-07,"333"
2701,1993,,"Fpudar","Flavopunctelia","darrowi","688652000333","",2004-03-22,"999","",2005-06-07,"333"
2702,1993,,"Fpufla","Flavopunctelia","flaventior","688653000333","",2004-03-22,"999","",,""
2703,1993,,"Fpupra","Flavopunctelia","praesignis","688654000333","",2004-03-22,"999","",2005-06-07,"333"
2704,1993,,"Fpusor","Flavopunctelia","soredica","688655000333","",2004-03-22,"999","",,""
2800,1993,,"Het","Heterodermia","","688701000333","",2004-03-22,"999","",2005-06-07,"333"
2801,1993,,"Hetalb","Heterodermia","albicans","688676000333","",2004-03-22,"999","",2005-06-07,"333"
2802,1993,,"Hetapp","Heterodermia","appalachensis","688677000333","",2004-03-22,"999","",2005-06-07,"333"
2803,1993,,"Hetbar","Heterodermia","barbifera","688678000333","",2004-03-22,"999","",2005-06-07,"333"
2804,1993,,"Hetcas","Heterodermia","casarettiana","688679000333","",2004-03-22,"999","",2005-06-07,"333"
2805,1993,,"Hetcho","Heterodermia","chondroidea","688680000333","",2004-03-22,"999","",2005-06-07,"333"
2806,1993,,"Hetcro","Heterodermia","crocea","688681000333","",2004-03-22,"999","",2005-06-07,"333"
2807,1993,,"Hetden","Heterodermia","dendritica","688682000333","",2004-03-22,"999","",2005-06-07,"333"
2808,1993,,"Hetdia","Heterodermia","diademata","688683000333","",2004-03-22,"999","",2005-06-07,"333"
2809,1993,,"Hetech","Heterodermia","echinata","688684000333","",2004-03-22,"999","",2005-06-07,"333"
2810,1993,,"Heteri","Heterodermia","erinacea","688685000333","",2004-03-22,"999","",2005-06-07,"333"
2811,1993,,"Hetgal","Heterodermia","galactophylla","688686000333","",2004-03-22,"999","",2005-06-07,"333"
2812,1993,,"Hetgra","Heterodermia","granulifera","688687000333","",2004-03-22,"999","",2005-06-07,"333"
2813,1993,,"Hethyp","Heterodermia","hypoleuca","688688000333","",2004-03-22,"999","",2005-06-07,"333"
2814,1993,2006,"Hetleu","Heterodermia","leucomelos","688690000333","",2004-03-22,"999","",2007-05-15,"333"
2814,2006,,"Hetleu","Heterodermia","leucomela","690517000333","",2007-05-15,"333","",2007-05-15,"333"
2815,1993,,"Hetmic","Heterodermia","microphylla","688691000333","",2004-03-22,"999","",2005-06-07,"333"
2816,1993,,"Hetobs","Heterodermia","obscurata","688692000333","",2004-03-22,"999","",2005-06-07,"333"
2817,1993,,"Hetpod","Heterodermia","podocarpa","688693000333","",2004-03-22,"999","",2005-06-07,"333"
2818,1993,,"Hetpro","Heterodermia","propagulifera","688694000333","",2004-03-22,"999","",2005-06-07,"333"
2819,1993,,"Hetpse","Heterodermia","pseudospeciosa","688695000333","",2004-03-22,"999","",2005-06-07,"333"
2820,1993,,"Hetrug","Heterodermia","rugulosa","688696000333","",2004-03-22,"999","",2005-06-07,"333"
2821,1993,,"Hetsit","Heterodermia","sitchensis","688697000333","",2004-03-22,"999","",2005-06-07,"333"
2822,1993,,"Hetspe","Heterodermia","speciosa","688698000333","",2004-03-22,"999","",2005-06-07,"333"
2823,1993,,"Hetsqu","Heterodermia","squamulosa","688699000333","",2004-03-22,"999","",2005-06-07,"333"
2824,1993,,"Hettro","Heterodermia","tropica","688700000333","",2004-03-22,"999","",2005-06-07,"333"
2825,1999,,"Hetjap","Heterodermia","japonica","688689000333","",2004-03-22,"999","",2005-06-07,"333"
2900,1993,,"Hph","Hyperphyscia","","688705000333","",2004-03-22,"999","",2005-06-07,"333"
2901,1993,,"Hphadg","Hyperphyscia","adglutinata","688702000333","",2004-03-22,"999","",2005-06-07,"333"
2902,1993,,"Hphmin","Hyperphyscia","minor","688703000333","",2004-03-22,"999","",2005-06-07,"333"
2903,1993,,"Hphsyn","Hyperphyscia","syncolla","688704000333","",2004-03-22,"999","",2005-06-07,"333"
3000,1993,,"Hce","Hypocenomyce","","688714000333","",2004-03-22,"999","",2005-06-07,"333"
3001,1993,,"Hceant","Hypocenomyce","anthracophila","688706000333","",2004-03-22,"999","",2005-06-07,"333"
3002,1993,,"Hcecas","Hypocenomyce","castaneocinerea","688707000333","",2004-03-22,"999","",,""
3003,1993,,"Hcefri","Hypocenomyce","friesii","688708000333","",2004-03-22,"999","",,""
3004,1993,,"Hceleu","Hypocenomyce","leucococca","688709000333","",2004-03-22,"999","",2005-06-07,"333"
3005,1993,,"Hcepra","Hypocenomyce","praestabilis","688710000333","",2004-03-22,"999","",2005-06-07,"333"
3006,1993,,"Hcesca","Hypocenomyce","scalaris","688711000333","",2004-03-22,"999","",,""
3007,1993,,"Hcesor","Hypocenomyce","sorophora","688712000333","",2004-03-22,"999","",2005-06-07,"333"
3008,1993,,"Hcexan","Hypocenomyce","xanthococca","688713000333","",2004-03-22,"999","",2005-06-07,"333"
3100,1993,,"Hyp","Hypogymnia","","688739000333","",2004-03-22,"999","",2005-06-07,"333"
3101,1993,,"Hypapi","Hypogymnia","apinnata","688715000333","",2004-03-22,"999","",2005-06-07,"333"
3102,1993,,"Hypaus","Hypogymnia","austerodes","688716000333","",2004-03-22,"999","",2005-06-07,"333"
3103,1993,,"Hypbit","Hypogymnia","bitteri","688717000333","",2004-03-22,"999","",2005-06-07,"333"
3104,1993,,"Hypdup","Hypogymnia","duplicata","688718000333","",2004-03-22,"999","",2005-06-07,"333"
3105,1993,,"Hypent","Hypogymnia","enteromorpha","688719000333","",2004-03-22,"999","",2005-06-07,"333"
3106,1993,,"Hypfar","Hypogymnia","farinacea","688720000333","",2004-03-22,"999","",2005-06-07,"333"
3107,1993,,"Hyphet","Hypogymnia","heterophylla","688722000333","",2004-03-22,"999","",2005-06-07,"333"
3108,1993,,"Hypims","Hypogymnia","imshaugii","688723000333","",2004-03-22,"999","",2005-06-07,"333"
3109,1993,,"Hypina","Hypogymnia","inactiva","688724000333","",2004-03-22,"999","",2005-06-07,"333"
3110,1993,,"Hypkro","Hypogymnia","krogiae","688725000333","",2004-03-22,"999","",2005-06-07,"333"
3111,1993,,"Hyplug","Hypogymnia","lugubris","688726000333","",2004-03-22,"999","",2005-06-07,"333"
3112,1993,,"Hypmet","Hypogymnia","metaphysodes","688727000333","",2004-03-22,"999","",2005-06-07,"333"
3113,1993,,"Hypmol","Hypogymnia","mollis","688728000333","",2004-03-22,"999","",2005-06-07,"333"
3114,1993,,"Hypocc","Hypogymnia","occidentalis","688729000333","",2004-03-22,"999","",2005-06-07,"333"
3115,1993,,"Hypoce","Hypogymnia","oceanica","688730000333","",2004-03-22,"999","",2005-06-07,"333"
3116,1993,,"Hypphy","Hypogymnia","physodes","688731000333","",2004-03-22,"999","",2005-06-07,"333"
3117,1993,,"Hyppse","Hypogymnia","pseudophysodes","688732000333","",2004-03-22,"999","",2005-06-07,"333"
3118,1993,,"Hyppul","Hypogymnia","pulverata","688733000333","",2004-03-22,"999","",2005-06-07,"333"
3119,1993,,"Hyprug","Hypogymnia","rugosa","688734000333","",2004-03-22,"999","",2005-06-07,"333"
3120,1993,,"Hypsub","Hypogymnia","subcapitata","688736000333","",2004-03-22,"999","",2005-06-07,"333"
3121,1993,,"Hyptub","Hypogymnia","tubulosa","688737000333","",2004-03-22,"999","",2005-06-07,"333"
3122,1993,,"Hypvit","Hypogymnia","vittata","688738000333","",2004-03-22,"999","",2005-06-07,"333"
3123,2001,,"Hypgra","Hypogymnia","gracilis","688721000333","",2004-03-22,"999","",2005-06-07,"333"
3124,2001,,"Hypsch","Hypogymnia","schizidiata","688735000333","",2004-03-22,"999","",2005-06-07,"333"
3200,1993,,"Htr","Hypotrachyna","","688764000333","",2004-03-22,"999","",2005-06-07,"333"
3201,1993,,"Htrcro","Hypotrachyna","croceopustulata","688741000333","",2004-03-22,"999","",2005-06-07,"333"
3202,1993,,"Htrden","Hypotrachyna","densirhizinata","688742000333","",2004-03-22,"999","",2005-06-07,"333"
3203,1993,,"Htrdet","Hypotrachyna","dentella","688743000333","",2004-03-22,"999","",2005-06-07,"333"
3204,1993,,"Htrens","Hypotrachyna","ensifolia","688744000333","",2004-03-22,"999","",2005-06-07,"333"
3205,1993,,"Htrgon","Hypotrachyna","gondylophora","688745000333","",2004-03-22,"999","",2005-06-07,"333"
3206,1993,,"Htrimb","Hypotrachyna","imbricatula","688746000333","",2004-03-22,"999","",2005-06-07,"333"
3207,1993,,"Htrlae","Hypotrachyna","laevigata","688747000333","",2004-03-22,"999","",2005-06-07,"333"
3208,1993,,"Htrliv","Hypotrachyna","livida","688748000333","",2004-03-22,"999","",2005-06-07,"333"
3209,1993,,"Htroos","Hypotrachyna","oostingii","688750000333","",2004-03-22,"999","",2005-06-07,"333"
3210,1993,,"Htross","Hypotrachyna","osseoalba","688751000333","",2004-03-22,"999","",2005-06-07,"333"
3211,1993,,"Htrpro","Hypotrachyna","producta","688752000333","",2004-03-22,"999","",2005-06-07,"333"
3212,1993,,"Htrprl","Hypotrachyna","prolongata","688753000333","",2004-03-22,"999","",2005-06-07,"333"
3213,1993,,"Htrpse","Hypotrachyna","pseudosinuosa","688754000333","",2004-03-22,"999","",2005-06-07,"333"
3214,1993,,"Htrpul","Hypotrachyna","pulvinata","688755000333","",2004-03-22,"999","",2005-06-07,"333"
3215,1993,,"Htrpus","Hypotrachyna","pustulifera","688756000333","",2004-03-22,"999","",2005-06-07,"333"
3216,1993,,"Htrrev","Hypotrachyna","revoluta","688757000333","",2004-03-22,"999","",2005-06-07,"333"
3217,1993,,"Htrroc","Hypotrachyna","rockii","688759000333","",2004-03-22,"999","",2005-06-07,"333"
3218,1993,,"Htrsho","Hypotrachyna","showmanii","688760000333","",2004-03-22,"999","",2005-06-07,"333"
3219,1993,,"Htrsin","Hypotrachyna","sinuosa","688761000333","",2004-03-22,"999","",2005-06-07,"333"
3220,1993,,"Htrthy","Hypotrachyna","thysanota","688762000333","",2004-03-22,"999","",2005-06-07,"333"
3221,1993,,"Htrvir","Hypotrachyna","virginica","688763000333","",2004-03-22,"999","",2005-06-07,"333"
3222,1994,,"Htrnov","Hypotrachyna","novella","688749000333","",2004-03-22,"999","",2005-06-07,"333"
3223,1999,,"Htrrip","Hypotrachyna","riparia","688758000333","",2004-03-22,"999","",2005-06-07,"333"
3224,2005,,"Htrafr","Hypotrachyna","afrorevoluta","688740000333","",2006-03-31,"333","",,""
3300,1993,,"Ims","Imshaugia","","688767000333","",2004-03-22,"999","",2005-06-07,"333"
3301,1993,,"Imsale","Imshaugia","aleurites","688765000333","",2004-03-22,"999","",2005-06-07,"333"
3302,1993,,"Imspla","Imshaugia","placorodia","688766000333","",2004-03-22,"999","",2005-06-07,"333"
3400,1993,,"Koe","Koerberia","","688769000333","",2004-03-22,"999","",2005-06-07,"333"
3401,1993,,"Koebif","Koerberia","biformis","688768000333","",2004-03-22,"999","",2005-06-07,"333"
3410,1995,,"Las","Lasallia","","688771000333","",2004-03-22,"999","",2005-06-07,"333"
3411,1995,,"Laspap","Lasallia","papulosa","688770000333","",2004-03-22,"999","",2005-06-07,"333"
3500,1993,,"Lei","Leioderma","","688775000333","",2004-03-22,"999","",2005-06-07,"333"
3501,1993,,"Leisor","Leioderma","sorediatum","688774000333","",2004-03-22,"999","",2005-06-07,"333"
3600,1993,,"Lep","Leptogium","","688819000333","",2004-03-22,"999","",2005-06-07,"333"
3601,1993,,"Lepadp","Leptogium","adpressum","688778000333","",2004-03-22,"999","",2005-06-07,"333"
3602,1993,,"Lepars","Leptogium","arsenei","688779000333","",2004-03-22,"999","",2005-06-07,"333"
3603,1993,,"Lepaus","Leptogium","austroamericanum","688780000333","",2004-03-22,"999","",2005-06-07,"333"
3604,1993,,"Lepazu","Leptogium","azureum","688781000333","",2004-03-22,"999","",2005-06-07,"333"
3605,1993,,"Lepbrg","Leptogium","burgessii","688782000333","",2004-03-22,"999","",2005-06-07,"333"
3606,1993,,"Lepbur","Leptogium","burnetiae","688783000333","",2004-03-22,"999","",2005-06-07,"333"
3607,1993,,"Lepchl","Leptogium","chloromelum","688785000333","",2004-03-22,"999","",2005-06-07,"333"
3608,1993,,"Lepcor","Leptogium","corniculatum","688786000333","",2004-03-22,"999","",2005-06-07,"333"
3609,1993,,"Lepcrt","Leptogium","corticola","688787000333","",2004-03-22,"999","",2005-06-07,"333"
3610,1993,,"Lepcre","Leptogium","crenatellum","688788000333","",2004-03-22,"999","",2005-06-07,"333"
3611,1993,,"Lepcya","Leptogium","cyanescens","688789000333","",2004-03-22,"999","",2005-06-07,"333"
3612,1993,,"Lepdac","Leptogium","dactylinum","688790000333","",2004-03-22,"999","",2005-06-07,"333"
3613,1993,,"Lepden","Leptogium","denticulatum","688791000333","",2004-03-22,"999","",2005-06-07,"333"
3614,1993,,"Lepdig","Leptogium","digitatum","688792000333","",2004-03-22,"999","",2005-06-07,"333"
3615,1993,,"Lepflo","Leptogium","floridanum","688793000333","",2004-03-22,"999","",2005-06-07,"333"
3616,1993,,"Lepfur","Leptogium","pseudofurfuraceum","688810000333","",2004-03-22,"999","",2005-06-07,"333"
3617,1993,,"Lepfus","Leptogium","fusisporum","688794000333","",2004-03-22,"999","",2005-06-07,"333"
3618,1993,,"Lepgel","Leptogium","gelatinosum","688795000333","",2004-03-22,"999","",2005-06-07,"333"
3619,1993,,"Lephir","Leptogium","hirsutum","688796000333","",2004-03-22,"999","",2005-06-07,"333"
3620,1993,,"Lephyp","Leptogium","hypotrachynum","688797000333","",2004-03-22,"999","",2005-06-07,"333"
3621,1993,,"Lepinf","Leptogium","inflexum","688798000333","",2004-03-22,"999","",2005-06-07,"333"
3622,1993,,"Lepisi","Leptogium","isidiosellum","688800000333","",2004-03-22,"999","",2005-06-07,"333"
3623,1993,,"Lepjun","Leptogium","juniperinum","688801000333","",2004-03-22,"999","",2005-06-07,"333"
3624,1993,,"Leplac","Leptogium","laceroides","688802000333","",2004-03-22,"999","",2005-06-07,"333"
3625,1993,,"Leplic","Leptogium","lichenoides","688803000333","",2004-03-22,"999","",,""
3626,1993,,"Lepmar","Leptogium","marginellum","688804000333","",2004-03-22,"999","",2005-06-07,"333"
3627,1993,,"Lepmic","Leptogium","microstictum","688805000333","",2004-03-22,"999","",2005-06-07,"333"
3628,1993,,"Lepmil","Leptogium","milligranum","688806000333","",2004-03-22,"999","",2005-06-07,"333"
3629,1993,,"Lepphy","Leptogium","phyllocarpum","688808000333","",2004-03-22,"999","",2005-06-07,"333"
3630,1993,,"Leprug","Leptogium","rugosum","688811000333","",2004-03-22,"999","",2005-06-07,"333"
3631,1993,,"Lepsat","Leptogium","saturninum","688812000333","",2004-03-22,"999","",2005-06-07,"333"
3632,1993,,"Lepses","Leptogium","sessile","688813000333","",2004-03-22,"999","",2005-06-07,"333"
3633,1993,,"Lepsti","Leptogium","stipitatum","688814000333","",2004-03-22,"999","",2005-06-07,"333"
3634,1993,,"Lepten","Leptogium","tenuissimum","688817000333","",2004-03-22,"999","",2005-06-07,"333"
3635,1993,,"Lepter","Leptogium","teretiusculum","688818000333","",2004-03-22,"999","",2005-06-07,"333"
3636,1993,,"Leppol","Leptogium","polycarpum","688809000333","",2004-03-22,"999","",2005-06-07,"333"
3637,1997,,"Lepsub","Leptogium","subtile","688815000333","",2004-03-22,"999","",2005-06-07,"333"
3638,1998,,"Lepcel","Leptogium","cellulosum","688784000333","",2004-03-22,"999","",2005-06-07,"333"
3639,1998,,"Leptac","Leptogium","tacomae","688816000333","",2004-03-22,"999","",2005-06-07,"333"
3640,2001,,"Lepocc","Leptogium","occultatum","688807000333","",2004-03-22,"999","",2005-06-07,"333"
3641,2003,,"Lepint","Leptogium","intermedium","688799000333","",2004-04-20,"999","",,""
3642,2006,,"Lepsch","Leptogium","schraderi","690012000333","",2007-05-10,"333","",,""
3643,2006,,"Lepsrd","Leptogium","subaridum","690013000333","",2007-05-10,"333","",,""
3644,2006,,"Lepbre","Leptogium","brebissonii","690011000333","",2007-05-10,"333","",,""
3700,1993,,"Let","Letharia","","688822000333","",2004-03-22,"999","",2005-06-07,"333"
3701,1993,,"Letcol","Letharia","columbiana","688820000333","",2004-03-22,"999","",2005-06-07,"333"
3702,1993,,"Letvul","Letharia","vulpina","688821000333","",2004-03-22,"999","",2005-06-07,"333"
3800,1993,,"Lic","Lichinodium","","688824000333","",2004-03-22,"999","",2005-06-07,"333"
3801,1993,,"Liccan","Lichinodium","canadense","688823000333","",2004-03-22,"999","",2005-06-07,"333"
3900,1993,,"Lob","Lobaria","","688835000333","",2004-03-22,"999","",2005-06-07,"333"
3901,1993,,"Lobhal","Lobaria","hallii","688825000333","",2004-03-22,"999","",2005-06-07,"333"
3902,1993,,"Lobjap","Lobaria","japonica","688826000333","",2004-03-22,"999","",2005-06-07,"333"
3903,1993,,"Loblin","Lobaria","linita","688827000333","",2004-03-22,"999","",2005-06-07,"333"
3904,1993,,"Lobore","Lobaria","oregana","688828000333","",2004-03-22,"999","",2005-06-07,"333"
3905,1993,,"Lobpul","Lobaria","pulmonaria","688829000333","",2004-03-22,"999","",2005-06-07,"333"
3906,1993,,"Lobque","Lobaria","quercizans","688830000333","",2004-03-22,"999","",2005-06-07,"333"
3907,1993,,"Lobrav","Lobaria","ravenelii","688831000333","",2004-03-22,"999","",2005-06-07,"333"
3908,1993,,"Lobret","Lobaria","retigera","688832000333","",2004-03-22,"999","",2005-06-07,"333"
3909,1993,,"Lobscr","Lobaria","scrobiculata","688833000333","",2004-03-22,"999","",2005-06-07,"333"
3910,1993,,"Lobten","Lobaria","tenuis","688834000333","",2004-03-22,"999","",2005-06-07,"333"
4000,1993,,"Mel","Melanelia","","688858000333","",2004-03-22,"999","",2005-06-07,"333"
4001,1993,2005,"Melalb","Melanelia","albertana","688836000333","",2004-03-22,"999","",2005-06-07,"333"
4001,2005,,"Melalb","Melanelixia","albertana","688859000333","",2006-03-31,"333","",,""
4002,1993,2005,"Melele","Melanelia","elegantula","688838000333","",2004-03-22,"999","",2005-06-07,"333"
4002,2005,,"Melele","Melanohalea","elegantula","688865000333","",2006-03-31,"333","",,""
4003,1993,2005,"Melexa","Melanelia","exasperata","688839000333","",2004-03-22,"999","",2005-06-07,"333"
4003,2005,,"Melexa","Melanohalea","exasperata","688866000333","",2006-03-31,"333","",,""
4004,1993,2005,"Melexl","Melanelia","exasperatula","688840000333","",2004-03-22,"999","",2005-06-07,"333"
4004,2005,,"Melexl","Melanohalea","exasperatula","688867000333","",2006-03-31,"333","",,""
4005,1993,2005,"Melful","Melanelia","fuliginosa","688841000333","",2004-03-22,"999","",2005-06-07,"333"
4005,2005,,"Melful","Melanelixia","fuliginosa","688860000333","",2006-03-31,"333","",,""
4006,1993,2005,"Melgla","Melanelia","glabra","688842000333","",2004-03-22,"999","",2005-06-07,"333"
4006,2005,,"Melgla","Melanelixia","glabra","688861000333","",2006-03-31,"333","",,""
4007,1993,2005,"Melgld","Melanelia","glabroides","688843000333","",2004-03-22,"999","",2005-06-07,"333"
4007,2005,,"Melgld","Melanelixia","glabroides","688862000333","",2006-03-31,"333","",,""
4008,1993,2005,"Melhal","Melanelia","halei","688844000333","",2004-03-22,"999","",2005-06-07,"333"
4008,2005,,"Melhal","Melanohalea","halei","688868000333","",2006-03-31,"333","",,""
4009,1993,2005,"Melinf","Melanelia","infumata","688845000333","",2004-03-22,"999","",2005-06-07,"333"
4009,2005,,"Melinf","Melanohalea","infumata","688869000333","",2006-03-31,"333","",,""
4010,1993,2005,"Melmul","Melanelia","multispora","688846000333","",2004-03-22,"999","",,""
4010,2005,,"Melmul","Melanohalea","multispora","688870000333","",2006-03-31,"333","",,""
4011,1993,2005,"Meloli","Melanelia","olivacea","688847000333","",2004-03-22,"999","",2005-06-07,"333"
4011,2005,,"Meloli","Melanohalea","olivacea","688871000333","",2006-03-31,"333","",,""
4012,1993,2005,"Melold","Melanelia","olivaceoides","688848000333","",2004-03-22,"999","",2005-06-07,"333"
4012,2005,,"Melold","Melanohalea","olivaceoides","688872000333","",2006-03-31,"333","",,""
4013,1993,2005,"Melsep","Melanelia","septentrionalis","688850000333","",2004-03-22,"999","",2005-06-07,"333"
4013,2005,,"Melsep","Melanohalea","septentrionalis","688873000333","",2006-03-31,"333","",,""
4014,1993,2005,"Melsar","Melanelia","subargentifera","688852000333","",2004-03-22,"999","",2005-06-07,"333"
4014,2005,,"Melsar","Melanelixia","subargentifera","688863000333","",2006-03-31,"333","",,""
4015,1993,2005,"Melsub","Melanelia","subaurifera","688853000333","",2004-03-22,"999","",2005-06-07,"333"
4015,2005,,"Melsub","Melanelixia","subaurifera","688864000333","",2006-03-31,"333","",,""
4016,1993,2005,"Melsel","Melanelia","subelegantula","688854000333","",2004-03-22,"999","",2005-06-07,"333"
4016,2005,,"Melsel","Melanohalea","subelegantula","688874000333","",2006-03-31,"333","",,""
4017,1993,2005,"Melsol","Melanelia","subolivacea","688855000333","",2004-03-22,"999","",,""
4017,2005,,"Melsol","Melanohalea","subolivacea","688875000333","",2006-03-31,"333","",,""
4018,1993,2005,"Meltra","Melanelia","trabeculata","688857000333","",2004-03-22,"999","",2005-06-07,"333"
4018,2005,,"Meltra","Melanohalea","trabeculata","688876000333","",2006-03-31,"333","",,""
4020,1997,,"Meldis","Melanelia","disjuncta","688837000333","",2004-03-22,"999","",2005-06-07,"333"
4021,1997,,"Meltom","Melanelia","tominii","688856000333","",2004-03-22,"999","",2005-06-07,"333"
4022,2000,,"Melpan","Melanelia","panniformis","688849000333","",2004-03-22,"999","",2005-06-07,"333"
4023,2002,,"Melsor","Melanelia","sorediata","688851000333","",2004-03-22,"999","",2005-06-07,"333"
4100,1993,,"Men","Menegazzia","","688878000333","",2004-03-22,"999","",2005-06-07,"333"
4101,1993,,"Menter","Menegazzia","terebrata","688877000333","",2004-03-22,"999","",2005-06-07,"333"
4200,1993,,"Mye","Myelochroa","","688883000333","",2004-03-22,"999","",2005-06-07,"333"
4201,1993,,"Myeaur","Myelochroa","aurulenta","688879000333","",2004-03-22,"999","",2005-06-07,"333"
4202,1993,,"Myegal","Myelochroa","galbina","688880000333","",2004-03-22,"999","",2005-06-07,"333"
4203,1993,,"Myemet","Myelochroa","metarevoluta","688881000333","",2004-03-22,"999","",2005-06-07,"333"
4204,2001,,"Myeobs","Myelochroa","obsessa","688882000333","",2004-03-22,"999","",2005-06-07,"333"
4300,1993,,"Neo","Neofuscelia","","688885000333","",2004-03-22,"999","",2005-06-07,"333"
4301,1993,,"Neolox","Neofuscelia","loxodes","688884000333","",2004-03-22,"999","",2005-06-07,"333"
4400,1993,,"Nep","Nephroma","","688894000333","",2004-03-22,"999","",2005-06-07,"333"
4402,1993,,"Nepbel","Nephroma","bellum","688887000333","",2004-03-22,"999","",2005-06-07,"333"
4403,1993,,"Nephel","Nephroma","helveticum","688888000333","",2004-03-22,"999","",2005-06-07,"333"
4404,1993,,"Nepisi","Nephroma","isidiosum","688889000333","",2004-03-22,"999","",2005-06-07,"333"
4405,1993,,"Neplae","Nephroma","laevigatum","688890000333","",2004-03-22,"999","",2005-06-07,"333"
4406,1993,,"Nepocc","Nephroma","occultum","688891000333","",2004-03-22,"999","",2005-06-07,"333"
4407,1993,,"Neppar","Nephroma","parile","688892000333","",2004-03-22,"999","",2005-06-07,"333"
4408,1993,,"Nepres","Nephroma","resupinatum","688893000333","",2004-03-22,"999","",2005-06-07,"333"
4409,2004,,"Neparc","Nephroma","arcticum","688886000333","",2005-06-07,"333","",,""
4500,1993,,"Nie","Niebla","","688898000333","",2004-03-22,"999","",2005-06-07,"333"
4501,1993,,"Niecep","Niebla","cephalota","688895000333","",2004-03-22,"999","",2005-06-07,"333"
4502,1993,,"Niecer","Niebla","ceruchis","688896000333","",2004-03-22,"999","",2005-06-07,"333"
4503,1993,,"Niefla","Niebla","flaccescens","688897000333","",2004-03-22,"999","",2005-06-07,"333"
4550,1995,,"Nod","Nodobryoria","","688901000333","",2004-03-22,"999","",2005-06-07,"333"
4551,1995,,"Nodabb","Nodobryoria","abbreviata","688899000333","",2004-03-22,"999","",,""
4552,1995,,"Nodore","Nodobryoria","oregana","688900000333","",2004-03-22,"999","",,""
4600,1993,,"Nor","Normandina","","688903000333","",2004-03-22,"999","",2005-06-07,"333"
4601,1993,,"Norpul","Normandina","pulchella","688902000333","",2004-03-22,"999","",2005-06-07,"333"
4700,1993,,"Pan","Pannaria","","688911000333","",2004-03-22,"999","",2005-06-07,"333"
4701,2000,,"Panahl","Fuscopannaria","ahlneri","688657000333","",2004-03-22,"999","",2007-05-10,"333"
4702,1993,,"Pancon","Pannaria","conoplea","688904000333","",2004-03-22,"999","",2005-06-07,"333"
4703,2000,,"Panlph","Fuscopannaria","leucophaea","688665000333","",2004-03-22,"999","",2007-05-10,"333"
4704,2000,,"Panleu","Fuscopannaria","leucosticta","688666000333","",2004-03-22,"999","",2007-05-10,"333"
4705,2000,,"Panled","Fuscopannaria","leucostictoides","688667000333","",2004-03-22,"999","",2007-05-10,"333"
4706,1993,,"Panlur","Pannaria","lurida","688906000333","",2004-03-22,"999","",2005-06-07,"333"
4707,2000,,"Panmar","Pannaria","mariana","688922000333","",2004-03-22,"999","",2007-05-10,"333"
4708,2000,,"Panmed","Fuscopannaria","mediterranea","688668000333","",2004-03-22,"999","",2007-05-10,"333"
4709,2000,,"Panpez","Protopannaria","pezizoides","689086000333","",2004-03-22,"999","",2007-05-10,"333"
4710,2000,,"Panpul","Fuscopannaria","pulveracea","688671000333","",2004-03-22,"999","",2007-05-10,"333"
4711,1993,,"Panrub","Pannaria","rubiginosa","688908000333","",2004-03-22,"999","",2005-06-07,"333"
4712,2000,,"Pansau","Fuscopannaria","saubinetii","688673000333","",2004-03-22,"999","",2007-05-10,"333"
4713,1993,,"Pantav","Pannaria","tavaresii","688910000333","",2004-03-22,"999","",2005-06-07,"333"
4714,2001,,"Panpra","Fuscopannaria","praetermissa","688670000333","",2004-03-22,"999","",2007-05-10,"333"
4715,2001,,"Panmal","Pannaria","malmei","688907000333","",2004-03-22,"999","",2007-05-10,"333"
4716,2001,,"Pansub","Pannaria","subfusca","688909000333","",2004-03-22,"999","",2007-05-10,"333"
4717,2001,,"Panela","Pannaria","elatior","688905000333","",2004-03-22,"999","",2007-05-10,"333"
4800,1993,,"Par","Parmelia","","688919000333","",2004-03-22,"999","",2005-06-07,"333"
4801,1993,,"Parfer","Parmelia","fertilis","688912000333","",2004-03-22,"999","",2005-06-07,"333"
4802,1993,,"Parhyg","Parmelia","hygrophila","688914000333","",2004-03-22,"999","",2005-06-07,"333"
4803,1997,,"Parpse","Parmelia","pseudosulcata","688915000333","",2004-03-22,"999","",2005-06-07,"333"
4804,1993,,"Parsax","Parmelia","saxatilis","688916000333","",2004-03-22,"999","",2005-06-07,"333"
4805,1993,,"Parsqu","Parmelia","squarrosa","688917000333","",2004-03-22,"999","",2005-06-07,"333"
4806,1993,,"Parsul","Parmelia","sulcata","688918000333","",2004-03-22,"999","",2005-06-07,"333"
4807,1997,,"Parfra","Parmelia","fraudans","688913000333","",2004-03-22,"999","",2005-06-07,"333"
4900,1993,,"Pll","Parmeliella","","688927000333","",2004-03-22,"999","",2005-06-07,"333"
4902,1993,,"Pllcor","Parmeliella","corallinoides","688921000333","",2004-03-22,"999","",2005-06-07,"333"
4903,1993,,"Pllpan","Parmeliella","pannosa","688923000333","",2004-03-22,"999","",2005-06-07,"333"
4904,1993,,"Plltri","Parmeliella","triptophylla","688926000333","",2004-03-22,"999","",2005-06-07,"333"
4905,1999,,"Pllpar","Parmeliella","parvula","688924000333","",2004-03-22,"999","",2005-06-07,"333"
4908,2001,,"Pllapp","Parmeliella","appalachensis","688920000333","",2004-03-22,"999","",2005-06-07,"333"
4909,2001,,"Pllsty","Parmeliella","stylophora","688925000333","",2004-03-22,"999","",2007-05-10,"333"
5000,1993,,"Pna","Parmelina","","688929000333","",2004-03-22,"999","",2005-06-07,"333"
5001,1993,,"Pnaque","Parmelina","quercina","688928000333","",2004-03-22,"999","",2005-06-07,"333"
5100,1993,,"Pps","Parmelinopsis","","688934000333","",2004-03-22,"999","",2005-06-07,"333"
5101,1993,,"Ppshor","Parmelinopsis","horrescens","688930000333","",2004-03-22,"999","",2005-06-07,"333"
5102,1993,,"Ppsmin","Parmelinopsis","minarum","688931000333","",2004-03-22,"999","",2005-06-07,"333"
5103,1993,,"Ppsspu","Parmelinopsis","spumosa","688932000333","",2004-03-22,"999","",2005-06-07,"333"
5104,1993,,"Ppsswi","Parmelinopsis","swinscowii","688933000333","",2004-03-22,"999","",2005-06-07,"333"
5200,1993,,"Pop","Parmeliopsis","","688939000333","",2004-03-22,"999","",2005-06-07,"333"
5201,1993,,"Popamb","Parmeliopsis","ambigua","688935000333","",2004-03-22,"999","",2005-06-07,"333"
5202,1993,,"Pophyp","Parmeliopsis","hyperopta","688937000333","",2004-03-22,"999","",2005-06-07,"333"
5203,1993,,"Popsub","Parmeliopsis","subambigua","688938000333","",2004-03-22,"999","",2005-06-07,"333"
5204,1999,,"Popcap","Parmeliopsis","capitata","688936000333","",2004-03-22,"999","",2005-06-07,"333"
5300,1993,,"Pmo","Parmotrema","","688979000333","",2004-03-22,"999","",2005-06-07,"333"
5301,1993,,"Pmoarn","Parmotrema","arnoldii","688942000333","",2004-03-22,"999","",2005-06-07,"333"
5302,1993,,"Pmoaus","Parmotrema","austrosinense","688943000333","",2004-03-22,"999","",2005-06-07,"333"
5303,1993,,"Pmochi","Parmotrema","chinense","688944000333","",2004-03-22,"999","",2005-06-07,"333"
5304,2002,,"Pmocon","Canomaculina","conferenda","688463000333","",2004-04-20,"999","",,""
5304,1993,2002,"Pmocon","Parmotrema","conferendum","688945000333","",2004-03-22,"999","",2004-04-20,"999"
5305,1993,,"Pmocri","Parmotrema","crinitum","688946000333","",2004-03-22,"999","",2005-06-07,"333"
5306,1993,,"Pmocrs","Parmotrema","cristiferum","688947000333","",2004-03-22,"999","",2005-06-07,"333"
5307,1993,,"Pmodil","Parmotrema","dilatatum","688948000333","",2004-03-22,"999","",2005-06-07,"333"
5308,1993,,"Pmodom","Parmotrema","dominicanum","688949000333","",2004-03-22,"999","",2005-06-07,"333"
5309,1993,,"Pmoend","Parmotrema","endosulphureum","688950000333","",2004-03-22,"999","",2005-06-07,"333"
5310,1993,,"Pmoeur","Parmotrema","eurysacum","688951000333","",2004-03-22,"999","",2005-06-07,"333"
5311,1993,,"Pmohab","Parmotrema","hababianum","688953000333","",2004-03-22,"999","",2005-06-07,"333"
5312,1993,,"Pmohai","Parmotrema","haitiense","688954000333","",2004-03-22,"999","",2005-06-07,"333"
5313,1993,,"Pmohyl","Parmotrema","hypoleucinum","688955000333","",2004-03-22,"999","",2005-06-07,"333"
5314,1993,,"Pmohyp","Parmotrema","hypotropum","688956000333","",2004-03-22,"999","",2005-06-07,"333"
5315,1993,,"Pmoint","Parmotrema","internexum","688957000333","",2004-03-22,"999","",2005-06-07,"333"
5316,1993,,"Pmolou","Parmotrema","louisianae","688958000333","",2004-03-22,"999","",2005-06-07,"333"
5317,1993,,"Pmomad","Parmotrema","madagascariaceum","688959000333","",2004-03-22,"999","",2005-06-07,"333"
5318,1993,,"Pmomar","Parmotrema","margaritatum","688960000333","",2004-03-22,"999","",2005-06-07,"333"
5319,1993,,"Pmomel","Parmotrema","mellissii","688961000333","",2004-03-22,"999","",2005-06-07,"333"
5320,1993,,"Pmomic","Parmotrema","michauxianum","688962000333","",2004-03-22,"999","",2005-06-07,"333"
5321,1993,,"Pmomor","Parmotrema","mordenii","688963000333","",2004-03-22,"999","",2005-06-07,"333"
5322,2002,,"Pmoneo","Canomaculina","neotropica","688464000333","",2004-04-20,"999","",,""
5322,1993,2002,"Pmoneo","Parmotrema","neotropicum","688964000333","",2004-03-22,"999","",2004-04-20,"999"
5323,1993,,"Pmoper","Parmotrema","perforatum","688965000333","",2004-03-22,"999","",2005-06-07,"333"
5324,1993,,"Pmopra","Parmotrema","praesorediosum","688966000333","",2004-03-22,"999","",2005-06-07,"333"
5325,1993,,"Pmoprp","Parmotrema","preperforatum","688967000333","",2004-03-22,"999","",2005-06-07,"333"
5326,1993,,"Pmoram","Parmotrema","rampoddense","688968000333","",2004-03-22,"999","",2005-06-07,"333"
5327,1993,,"Pmorig","Parmotrema","rigidum","688969000333","",2004-03-22,"999","",2005-06-07,"333"
5328,1994,,"Pmogar","Parmotrema","gardneri","688952000333","",2004-03-22,"999","",2005-06-07,"333"
5329,1993,,"Pmostu","Parmotrema","stuppeum","688970000333","",2004-03-22,"999","",2005-06-07,"333"
5330,2002,,"Pmosus","Canomaculina","subsumpta","688465000333","",2004-04-20,"999","",,""
5330,1993,2002,"Pmosus","Parmotrema","subsumptum","688972000333","",2004-03-22,"999","",2004-04-20,"999"
5331,2002,,"Pmosub","Canomaculina","subtinctoria","688466000333","",2004-04-20,"999","",,""
5331,1993,2002,"Pmosub","Parmotrema","subtinctorium","688973000333","",2004-03-22,"999","",,""
5332,1993,,"Pmosul","Parmotrema","sulphuratum","688974000333","",2004-03-22,"999","",2005-06-07,"333"
5333,1993,,"Pmotin","Parmotrema","tinctorum","688975000333","",2004-03-22,"999","",2005-06-07,"333"
5334,1993,,"Pmoult","Parmotrema","ultralucens","688976000333","",2004-03-22,"999","",2005-06-07,"333"
5335,1993,,"Pmoxan","Parmotrema","xanthinum","688977000333","",2004-03-22,"999","",2005-06-07,"333"
5336,1993,,"Pmozol","Parmotrema","zollingeri","688978000333","",2004-03-22,"999","",2005-06-07,"333"
5337,1994,,"Pmosui","Parmotrema","subisidiosum","688971000333","",2004-03-22,"999","",2005-06-07,"333"
5338,1994,2005,"Pmocet","Parmoterma","cetratum","688940000333","",2004-03-22,"999","",2005-06-07,"333"
5338,2005,,"Pmocet","Parmotrema","cetratum","688941000333","",2006-03-31,"333","",,""
5400,1993,,"Pos","Parmotremopsis","","688981000333","",2004-03-22,"999","",2005-06-07,"333"
5401,1993,,"Posant","Parmotremopsis","antillensis","688980000333","",2004-03-22,"999","",2005-06-07,"333"
5500,1993,,"Pel","Peltigera","","688999000333","",2004-03-22,"999","",2005-06-07,"333"
5501,1993,,"Pelaph","Peltigera","aphthosa","688982000333","",2004-03-22,"999","",2005-06-07,"333"
